id,created_at,bench_task_id,level,answered,is_correct,regraded
ca533441-db0b-425f-83e4-5a9361567126,2026-04-20 21:51:43.956707+00,32102e3e-d12a-4209-9163-7b3a104efe5d,2,True,,True
672e6550-5e5d-4f07-ae51-c7a8735434ba,2026-04-20 21:51:43.956707+00,6359a0b1-8f7b-499b-9336-840f9ab90688,2,True,,True
46d4fcf6-6108-45d4-b60a-de37c05e9c84,2026-04-20 21:51:43.956707+00,e9a2c537-8232-4c3f-85b0-b52de6bcba99,2,True,,True
5276029f-13ac-4883-ae81-924900dd4a77,2026-04-20 21:51:43.956707+00,bfcd99e1-0690-4b53-a85c-0174a8629083,2,True,,True
e6d5be1a-3232-4f4f-8f49-e9eec1e5a94e,2026-04-20 21:51:43.956707+00,366e2f2b-8632-4ef2-81eb-bc3877489217,2,True,,True
ad8f1b29-fb2b-48bf-9f69-bc88d7ee6a31,2026-03-26 17:20:35.102173+00,f918266a-b3e0-4914-865d-4faa564f1aef,1,False,,False
c53df01a-72b9-4dc9-ad1e-ed725e52e174,2026-03-26 17:20:35.102173+00,cca530fc-4052-43b2-b130-b30968d8aa44,1,False,,False
a065834f-c8b7-437f-9c88-7fb18de39e54,2026-03-26 17:20:35.102173+00,65afbc8a-89ca-4ad5-8d62-355bb401f61d,1,False,,False
90169df1-9673-492f-9c71-97d2db585313,2026-03-26 18:52:28.626697+00,4b650a35-8529-4695-89ed-8dc7a500a498,1,False,,False
14677bfb-c426-4f26-a868-cf78618703b1,2026-04-20 21:51:43.956707+00,edd4d4f2-1a58-45c4-b038-67337af4e029,2,True,,True
5cc71f5d-5dee-49da-826e-32ffe5656db2,2026-04-20 21:51:43.956707+00,076c8171-9b3b-49b9-a477-244d2a532826,2,True,,True
1af7aec3-0a8d-4b9b-b481-2b43b658b65e,2026-04-20 21:51:43.956707+00,2b3ef98c-cc05-450b-a719-711aee40ac65,2,True,,True
58842c16-7567-4742-871a-dd2979a30eb7,2026-03-26 17:20:35.102173+00,7bd855d8-463d-4ed5-93ca-5fe35145f733,1,False,,False
0a411b5b-7de6-4032-8fbe-42e4b516123b,2026-03-26 18:52:28.626697+00,8e867cd7-cff9-4e6c-867a-ff5ddc2550be,1,False,,False
dd120dae-6640-463e-9694-8cebaa140f74,2026-04-20 21:51:43.956707+00,4d0aa727-86b1-406b-9b33-f870dd14a4a5,2,True,,True
e45b271d-68ff-48b2-bb92-98d3d070f921,2026-04-20 21:51:43.956707+00,4d51c4bf-4b0e-4f3d-897b-3f6687a7d9f2,2,True,,True
102ba4af-8571-497e-a463-1352bac517d6,2026-04-20 21:51:43.956707+00,54612da3-fd56-4941-80f4-5eb82330de25,2,True,,True
d94fbeaa-7a96-4516-af6f-decc4a35eff7,2026-04-20 21:51:43.956707+00,d8152ad6-e4d5-4c12-8bb7-8d57dc10c6de,2,True,,True
37a791c1-c511-4b61-9b83-380b4add7362,2026-04-20 21:51:43.956707+00,b2c257e0-3ad7-4f05-b8e3-d9da973be36e,2,True,,True
b4a7a30c-95c1-4fe1-86f6-ca8bf2b5cf1a,2026-04-20 21:51:43.956707+00,b7f857e4-d8aa-4387-af2a-0e844df5b9d8,2,True,,True
0f84f08c-cafc-4977-8b0f-4dd4ac534643,2026-03-26 22:32:32.353846+00,6f37996b-2ac7-44b0-8e68-6d28256631b4,1,False,,False
5c3f274d-4281-4ac6-a618-063393e1d844,2026-04-20 21:51:43.956707+00,b9763138-c053-4832-9f55-86200cb1f99c,2,True,,True
9c3feeb7-ce9b-4fc7-9439-4e4e268a9d2e,2026-03-26 22:32:32.353846+00,ec09fa32-d03f-4bf8-84b0-1f16922c3ae4,1,False,,False
e09f7ec6-4e77-4ec7-a9d6-8a862f68de7c,2026-04-20 21:51:43.956707+00,7619a514-5fa8-43ef-9143-83b66a43d7a4,2,True,,True
4939dc92-3c5c-4ee0-bfea-5d488e299dd2,2026-04-20 21:51:43.956707+00,0e9e85b8-52b9-4de4-b402-5f635ab9631f,2,True,,True
d2996d01-6200-478e-a741-3392d64ebdb5,2026-04-20 21:51:43.956707+00,05407167-39ec-4d3a-a234-73a9120c325d,2,True,,True
37ee9bde-1024-41ad-9517-75f4b94ca97c,2026-04-20 21:51:43.956707+00,14569e28-c88c-43e4-8c32-097d35b9a67d,2,True,,True
20f9dbd0-0f61-4931-8763-5836b065d8d3,2026-03-26 17:20:35.102173+00,a3fbeb63-0e8c-4a11-bff6-0e3b484c3e9c,1,False,,False
0491952d-67bc-4942-bc84-386cc9b44c18,2026-03-26 17:20:35.102173+00,5cfb274c-0207-4aa7-9575-6ac0bd95d9b2,1,False,,False
5355e6e5-a65f-4e9b-803d-64c0cbed9f8a,2026-04-20 21:51:43.956707+00,7cc4acfa-63fd-4acc-a1a1-e8e529e0a97f,2,True,,True
89115a8e-0350-4ac0-b201-d7db81afacff,2026-04-20 21:51:43.956707+00,114d5fd0-e2ae-4b6d-a65a-870da2d19c08,2,True,,True
2274f5b9-5b3f-4d9d-a325-1346f332f002,2026-04-20 21:51:43.956707+00,d700d50d-c707-4dca-90dc-4528cddd0c80,2,True,,True
a4ee3566-0c8c-4a70-9136-95347e95c396,2026-04-20 21:51:43.956707+00,ecbc4f94-95a3-4cc7-b255-6741a458a625,2,True,,True
23c2a1c5-bc19-47cb-92d0-b63b9d301e7d,2026-04-20 21:51:43.956707+00,04a04a9b-226c-43fd-b319-d5e89743676f,2,True,,True
c3098e53-4d34-42af-8b14-21c11b259b93,2026-04-20 21:51:43.956707+00,87c610df-bef7-4932-b950-1d83ef4e282b,2,True,,True
b7111c7b-f344-428d-9a0b-ed291a42bb5a,2026-04-20 21:51:43.956707+00,9f41b083-683e-4dcf-9185-ccfeaa88fa45,2,True,,True
cf577f29-c1e6-4a12-bfc0-692777fdab12,2026-04-20 21:51:43.956707+00,544b7f0c-173a-4377-8d56-57b36eb26ddf,2,True,,True
7cf4ba89-6407-420c-bbbc-326420b2c896,2026-04-20 21:51:43.956707+00,65638e28-7f37-4fa7-b7b9-8c19bb609879,2,True,,True
27a1aa72-e6c7-4320-b658-73891700583e,2026-04-20 21:51:43.956707+00,73c1b9fe-ee1d-4cf4-96ca-35c08f97b054,2,True,,True
8b64c4cd-b355-49af-9270-de9d079aed0f,2026-04-20 21:51:43.956707+00,ed58682d-bc52-4baa-9eb0-4eb81e1edacc,2,True,,True
83a7153b-f3bd-4385-ac71-eec2bb0dde79,2026-04-20 21:51:43.956707+00,0bb3b44a-ede5-4db5-a520-4e844b0079c5,2,True,,True
786194a4-925a-4d26-a343-e6d0af57c589,2026-04-20 21:51:43.956707+00,7b5377b0-3f38-4103-8ad2-90fe89864c04,2,True,,True
b2adf955-9c00-40e2-adc5-cbe2f73cfed8,2026-04-20 21:51:43.956707+00,3627a8be-a77f-41bb-b807-7e1bd4c0ebdf,2,True,,True
8a2ee1f1-326c-4495-b525-0913635f0bf8,2026-04-20 21:51:43.956707+00,0ff53813-3367-4f43-bcbd-3fd725c1bf4b,2,True,,True
878a500d-6c34-4b19-b02b-cf167386e30e,2026-04-20 21:51:43.956707+00,1dcc160f-c187-48c2-b68e-319bd4354f3d,2,True,,True
07e5a893-ad18-41a1-b0a7-79fbaa8d4fc9,2026-04-20 21:51:43.956707+00,e0c10771-d627-4fd7-9694-05348e54ee36,2,True,,True
7d1fe70f-6ae3-463a-ad41-35cf3af7ac52,2026-04-20 21:51:43.956707+00,a56f1527-3abf-41d6-91f8-7296d6336c3f,2,True,,True
762a010e-8d9f-49c1-a3f2-f8db5179f185,2026-03-26 17:20:35.102173+00,cffe0e32-c9a6-4c52-9877-78ceb4aaa9fb,1,False,,False
d1831173-9f12-4145-bf1d-975004dd6149,2026-03-26 17:20:35.102173+00,9318445f-fe6a-4e1b-acbf-c68228c9906a,1,False,,False
11435bb9-9ca8-406b-be32-5acdaa3b311f,2026-04-20 21:51:43.956707+00,ad37a656-079a-49f9-a493-7b739c9167d1,2,True,,True
7ae7c584-6b00-4978-b108-098a1570e83b,2026-04-20 21:51:43.956707+00,56137764-b4e0-45b8-9c52-1866420c3df5,2,True,,True
9c69f850-cbc4-4661-97e4-007cd5563d1b,2026-04-20 21:51:43.956707+00,dd3c7503-f62a-4bd0-9f67-1b63b94194cc,2,True,,True
a456c1a6-ba5e-42aa-82a6-023dbc29eafe,2026-03-26 17:20:35.102173+00,389793a7-ca17-4e82-81cb-2b3a2391b4b9,1,False,,False
422d36f7-5c79-4a64-9447-857eb83dc9c2,2026-03-26 22:32:32.353846+00,c365c1c7-a3db-4d5e-a9a1-66f56eae7865,1,False,,False
cb8c5da8-4267-4ddf-b55c-5d933d35ce7a,2026-04-20 21:51:43.956707+00,42d4198c-5895-4f0a-b0c0-424a66465d83,2,True,,True
dbbf754b-59a9-43e2-bbc7-7685bf3850f0,2026-04-20 21:51:43.956707+00,c61d22de-5f6c-4958-a7f6-5e9707bd3466,2,True,,True
c4d9f86f-2997-4da7-9c8e-e326a83864d2,2026-04-20 21:51:43.956707+00,17b5a6a3-bc87-42e8-b0fb-6ab0781ef2cc,2,True,,True
31d8c26b-9696-444b-965f-a618efcc0052,2026-04-20 21:51:43.956707+00,624cbf11-6a41-4692-af9c-36b3e5ca3130,2,True,,True
ab85475a-fad7-48f2-b666-61b00f896671,2026-04-20 21:51:43.956707+00,e8cb5b03-41e0-4086-99e5-f6806cd97211,2,True,,True
b7189b07-5f8c-4642-a6eb-aad012bea9d7,2026-04-20 21:51:43.956707+00,db4fd70a-2d37-40ea-873f-9433dc5e301f,2,True,,True
57b8f82b-0368-48b3-ad2f-fad6d1821cf7,2026-04-20 21:51:43.956707+00,e4e91f1c-1dcd-439e-9fdd-cb976f5293fd,2,True,,True
22713040-6da1-4f4e-b1d6-c4f329b8474e,2026-04-20 21:51:43.956707+00,08f3a05f-5947-4089-a4c4-d4bcfaa6b7a0,2,True,,True
de7d6e64-e024-4b21-b49d-721f460bfcaa,2026-04-20 21:51:43.956707+00,71345b0a-9c7d-4b50-b2bf-937ec5879845,2,True,,True
a49a50a8-e863-42a6-b9a6-17059d0d16d5,2026-04-20 21:51:43.956707+00,33d8ea3b-6c6b-4ff1-803d-7e270dea8a57,2,True,,True
d57938d4-09df-4897-842c-76ed847e3c71,2026-04-20 21:51:43.956707+00,f0f46385-fc03-4599-b5d3-f56496c3e69f,2,True,,True
b8d0c9e0-4e3d-483f-b412-1a0163d32105,2026-04-20 21:51:43.956707+00,f46b4380-207e-4434-820b-f32ce04ae2a4,2,True,,True
c52b1bd4-a33a-486c-8bce-4f996404e7b9,2026-03-26 17:20:35.102173+00,99c9cc74-fdc8-46c6-8f8d-3ce2d3bfeea3,1,False,,False
f43f2c12-6501-46d8-b91b-92df583bc962,2026-03-26 18:52:28.626697+00,d0633230-7067-47a9-9dbf-ee11e0a2cdd6,1,False,,False
4984cd9e-bda6-444b-9058-a7dac3ef5e56,2026-04-20 21:51:43.956707+00,f3917a3d-1d17-4ee2-90c5-683b072218fe,2,True,,True
d74d3162-9040-41dc-a865-79e90d3935b1,2026-04-20 21:51:43.956707+00,023e9d44-96ae-4eed-b912-244ee8c3b994,2,True,,True
b521832c-1cd3-4d12-bb7c-9a8728f8e322,2026-04-20 21:51:43.956707+00,e29834fd-413a-455c-a33e-c3915b07401c,2,True,,True
850b2e6a-c348-4f14-a76a-0b467fee9a3a,2026-04-20 21:51:43.956707+00,6b078778-0b90-464d-83f6-59511c811b01,2,True,,True
3915141e-78a9-4f18-a3c3-05f720766c61,2026-04-20 21:51:43.956707+00,0a3cd321-3e76-4622-911b-0fda2e5d6b1a,2,True,,True
7e26ef6a-84d0-4350-a9fe-b912c90f084b,2026-04-20 21:51:43.956707+00,d1af70ea-a9a4-421a-b9cc-94b5e02f1788,2,True,,True
07a75b9c-5c97-451a-8b97-086df07278f9,2026-04-20 21:51:43.956707+00,08c0b6e9-1b43-4c2e-ae55-4e3fce2c2715,2,True,,True
bb612e50-5b39-418d-b1de-a67e323f4200,2026-04-20 21:51:43.956707+00,a26649c6-1cb2-470a-871e-6910c64c3e53,2,True,,True
5467a7e8-2ce9-43be-9cc5-9b7a4a426069,2026-04-20 21:51:43.956707+00,c8b7e059-c60d-472e-ad64-3b04ae1166dc,2,True,,True
84a74625-ef68-44ee-a272-8c9155129c11,2026-04-20 21:51:43.956707+00,3ff6b7a9-a5bd-4412-ad92-0cd0d45c0fee,2,True,,True
01418072-db16-4157-ad36-7d4d6b39f60a,2026-04-20 21:51:43.956707+00,0a65cb96-cb6e-4a6a-8aae-c1084f613456,2,True,,True
1d2a0976-9722-4bc1-987c-7da930f2f0bb,2026-04-20 21:51:43.956707+00,65da0822-a48a-4a68-bbad-8ed1b835a834,2,True,,True
3089161c-e4e0-4c42-8680-2a5f4ecc22ba,2026-04-20 21:51:43.956707+00,e2d69698-bc99-4e85-9880-67eaccd66e6c,2,True,,True
c20fb217-3e41-40af-a108-f4003f527344,2026-04-20 21:51:44.34776+00,7dd30055-0198-452e-8c25-f73dbe27dcb8,2,True,,False
99de5aef-07da-45fd-b08f-46cd22418763,2026-04-20 21:51:44.34776+00,8f80e01c-1296-4371-9486-bb3d68651a60,2,True,,False
2cac801d-5c6a-4ab5-9b89-6ad6d80f80bd,2026-04-20 21:51:44.34776+00,67e8878b-5cef-4375-804e-e6291fdbe78a,2,True,,False
2185c11c-d31d-41b5-bc81-b424a6768a82,2026-04-20 21:51:44.34776+00,df6561b2-7ee5-4540-baab-5095f742716a,2,True,,False
2060d809-8ecc-4ccb-9e4d-8fa8e7a9de5b,2026-04-20 21:51:44.34776+00,cca70ce6-1952-45d2-acd4-80c903b0bc49,2,True,,False
94fca310-3787-4f07-b0a8-fed6ea7be823,2026-04-20 21:51:44.34776+00,08cae58d-4084-4616-b6dd-dd6534e4825b,2,True,,False
e1acfcc9-871e-42c1-aacd-fc98e0b4d999,2026-04-20 21:51:44.34776+00,a7feb290-76bb-4cb7-8800-7edaf7954f2f,2,True,,False
58c675b1-6603-4ef3-b906-efc4323554a0,2026-04-20 21:51:44.34776+00,8b3379c0-0981-4f5b-8407-6444610cb212,2,True,,False
f1bbfb40-338c-4601-956e-1add4fa2fbbc,2026-04-20 21:51:44.34776+00,48eb8242-1099-4c26-95d4-ef22b002457a,2,True,,False
b767eb2f-1a71-4b79-885f-69d24143bf75,2026-04-20 21:51:44.34776+00,708b99c5-e4a7-49cb-a5cf-933c8d46470d,2,True,,False
5abc7ebd-b3bf-478e-80df-1f1eb6eb8cb0,2026-04-20 21:51:44.34776+00,2a649bb1-795f-4a01-b3be-9a01868dae73,2,True,,False
f864a3ea-da6d-4ed9-87fd-38cdc25475ef,2026-04-20 21:51:44.34776+00,853c8244-429e-46ca-89f2-addf40dfb2bd,2,True,,False
5ed0cd66-3e1d-44eb-8f51-7a845499398f,2026-04-20 21:51:44.34776+00,20194330-9976-4043-8632-f8485c6c71b2,2,True,,False
f368f8ee-aada-487f-9b32-77d857e598dd,2026-03-26 17:20:35.102173+00,1f975693-876d-457b-a649-393859e79bf3,1,False,,False
c0b6bd34-f661-4a50-acfe-59a742f67d54,2026-03-26 18:52:28.626697+00,840bfca7-4f7b-481a-8794-c560c340185d,1,False,,False
4031091d-fae9-411e-99cf-d6d217b7eed4,2026-03-26 18:52:28.626697+00,3f57289b-8c60-48be-bd80-01f8099ca449,1,False,,False
4205d08d-170c-47e6-9e6d-05cd3157bd99,2026-03-26 18:52:28.626697+00,72e110e7-464c-453c-a309-90a95aed6538,1,False,,False
441b0955-fefa-41a7-970f-7aad2835572b,2026-04-20 21:51:44.34776+00,ded28325-3447-4c56-860f-e497d6fb3577,2,True,,False
f065c8bf-b845-4454-95ea-7c3b94996296,2026-04-20 21:51:44.34776+00,f2feb6a4-363c-4c09-a804-0db564eafd68,2,True,,False
8526ad4a-a606-4ecf-89a4-59b953d08789,2026-04-20 21:51:44.34776+00,0b260a57-3f3a-4405-9f29-6d7a1012dbfb,2,True,,False
fdfdad22-275e-4eea-ac51-b4ae233dec60,2026-04-20 21:51:44.34776+00,b4cc024b-3f5e-480e-b96a-6656493255b5,2,True,,False
db1776be-69e5-4eba-8927-db8f4c433538,2026-04-20 21:51:44.34776+00,16d825ff-1623-4176-a5b5-42e0f5c2b0ac,2,True,,False
b2331525-c3c9-4893-96c4-33c2ca43346c,2026-04-20 21:51:44.34776+00,7a4a336d-dcfa-45a0-b014-824c7619e8de,2,True,,False
69dd5de8-cccb-4947-9e77-ab3f3605d01a,2026-04-20 21:51:44.34776+00,2dfc4c37-fec1-4518-84a7-10095d30ad75,2,True,,False
32beaf18-883f-48df-b994-a73c968583f4,2026-04-20 21:51:44.34776+00,d5141ca5-e7a0-469f-bf3e-e773507c86e2,2,True,,False
9b82eb9e-d331-446d-b1e5-adf3360ac345,2026-04-20 23:01:03.270304+00,5b2a14e8-6e59-479c-80e3-4696e8980152,3,True,,True
78138303-424b-4e10-8542-40f9477cf13d,2026-04-20 23:01:03.270304+00,9b54f9d9-35ee-4a14-b62f-d130ea00317f,3,True,,True
43106905-91db-4c2d-ab45-b31f44c1bb52,2026-03-26 18:29:32.619648+00,f918266a-b3e0-4914-865d-4faa564f1aef,1,False,,False
e4519ba2-c96d-482e-b696-2f821f394bd1,2026-03-26 18:29:32.619648+00,65afbc8a-89ca-4ad5-8d62-355bb401f61d,1,False,,False
125f2550-e2c9-424a-9675-b52addc15ba2,2026-03-26 18:29:32.619648+00,a3fbeb63-0e8c-4a11-bff6-0e3b484c3e9c,1,False,,False
c9a83998-9e58-4f56-a0f0-443d299f2b3d,2026-03-26 18:52:28.626697+00,a1e91b78-d3d8-4675-bb8d-62741b4b68a6,1,False,,False
632cedf4-5ee1-40fa-ad98-173fe2683e38,2026-03-26 18:29:32.619648+00,5cfb274c-0207-4aa7-9575-6ac0bd95d9b2,1,False,,False
2dfc1efe-e243-4e65-9463-ab0375c7ebeb,2026-03-26 18:29:32.619648+00,cffe0e32-c9a6-4c52-9877-78ceb4aaa9fb,1,False,,False
d08e69d3-5635-4660-9eb3-c8c1ed28b413,2026-04-20 23:01:03.270304+00,c526d8d6-5987-4da9-b24c-83466fa172f3,3,True,,True
a4a9ec1f-c587-4528-a399-e64533bde907,2026-04-20 23:01:03.270304+00,da52d699-e8d2-4dc5-9191-a2199e0b6a9b,3,True,,True
3e4ea6e8-ad37-4c25-97d1-357d33dbb040,2026-03-26 18:29:32.619648+00,389793a7-ca17-4e82-81cb-2b3a2391b4b9,1,False,,False
672fcac7-e244-4c7e-b6e8-209e7c141395,2026-03-26 18:52:28.626697+00,305ac316-eef6-4446-960a-92d80d542f82,1,False,,False
2645ff0d-bc02-4312-a2d0-58a90e5997cf,2026-03-26 18:52:28.626697+00,4fc2f1ae-8625-45b5-ab34-ad4433bc21f8,1,False,,False
d0951959-521b-4425-915b-714da57657ff,2026-03-26 18:52:28.626697+00,9d191bce-651d-4746-be2d-7ef8ecadb9c2,1,False,,False
cd8acb8d-66c0-40da-a5a8-c49de5c618a8,2026-03-26 18:29:32.619648+00,99c9cc74-fdc8-46c6-8f8d-3ce2d3bfeea3,1,False,,False
6a68e114-cc31-490e-a7f6-a42ffb0171f8,2026-03-26 18:52:28.626697+00,bda648d7-d618-4883-88f4-3466eabd860e,1,False,,False
adc92bb7-9ea8-444d-8be3-9312560ec551,2026-03-26 22:32:32.353846+00,50ec8903-b81f-4257-9450-1085afd2c319,1,False,,False
7e80cc1a-9f25-4316-b25b-33cf39855f21,2026-04-20 23:01:03.270304+00,50f58759-7bd6-406f-9b0d-5692beb2a926,3,True,,True
27334b59-13bc-43e9-97fc-c401ab1e69bc,2026-04-20 23:01:03.270304+00,851e570a-e3de-4d84-bcfa-cc85578baa59,3,True,,True
14a135ce-018a-440d-815f-4991e04ad466,2026-04-20 23:01:03.270304+00,e961a717-6b25-4175-8a68-874d28190ee4,3,True,,True
d3b2b4e8-2023-4c48-8d79-29f906e760aa,2026-04-20 23:01:03.270304+00,676e5e31-a554-4acc-9286-b60d90a92d26,3,True,,True
129da3c9-8590-4e5d-b5cb-5db5a9f604f4,2026-04-20 23:01:03.270304+00,de9887f5-ead8-4727-876f-5a4078f8598c,3,True,,True
347f3975-7645-44e4-a294-4389bb97fc14,2026-04-20 23:01:03.270304+00,ad2b4d70-9314-4fe6-bfbe-894a45f6055f,3,True,,True
4200639b-fe9a-45a5-a896-1d4ad8694998,2026-04-20 23:01:03.270304+00,56db2318-640f-477a-a82f-bc93ad13e882,3,True,,True
fb709785-d347-4d8d-88ae-b943a31fbff8,2026-04-20 23:01:03.270304+00,983bba7c-c092-455f-b6c9-7857003d48fc,3,True,,True
16d4a385-131e-431b-8365-cef12e6240fb,2026-04-20 23:01:03.270304+00,c3a79cfe-8206-451f-aca8-3fec8ebe51d3,3,True,,True
183c744f-4c68-44c4-b54c-dd012fd85f2b,2026-04-20 23:01:03.270304+00,872bfbb1-9ccf-49f6-8c5f-aa22818ccd66,3,True,,True
e318018f-7013-41d9-9f25-4ea39f827f66,2026-04-20 23:01:03.270304+00,0bdb7c40-671d-4ad1-9ce3-986b159c0ddc,3,True,,True
73d9d3da-11b1-44b0-8348-e795f90eb007,2026-04-20 23:01:03.448621+00,bec74516-02fc-48dc-b202-55e78d0e17cf,3,False,,False
63cddc0d-9666-4d33-bce1-7ff39f368e39,2026-04-20 23:01:03.448621+00,8d46b8d6-b38a-47ff-ac74-cda14cf2d19b,3,True,,False
88208361-aeb8-4d65-ba3a-4e6d27cfffbc,2026-04-20 23:01:03.448621+00,3da89939-209c-4086-8520-7eb734e6b4ef,3,True,,False
176a5597-f7cb-476a-b126-cef7cd92ca44,2026-04-20 23:01:03.448621+00,0512426f-4d28-49f0-be77-06d05daec096,3,True,,False
f82fcc22-220f-40ed-8b71-9fb0cacf47fb,2026-03-26 22:32:32.38262+00,2d83110e-a098-4ebb-9987-066c06fa42d0,1,False,,False
8dea2fbc-e7c7-4036-9836-8c35c772d7ae,2026-03-26 22:32:32.38262+00,b415aba4-4b68-4fc6-9b89-2c812e55a3e1,1,False,,False
de2c83bc-84fb-48bc-8e20-300f5a589028,2026-04-20 23:01:03.448621+00,00d579ea-0889-4fd9-a771-2c8d79835c8d,3,True,,False
e511b7cc-f8ef-473b-a771-32326c6be820,2026-04-20 23:01:03.448621+00,9e1fc53b-46ff-49a1-9d05-9e6faac34cc5,3,True,,False
80abda66-5bee-4102-8ee9-204e7e851ddb,2026-04-20 23:01:03.448621+00,ebbc1f13-d24d-40df-9068-adcf735b4240,3,True,,False
bd439600-ed5b-44d1-9d04-408a169f5a69,2026-03-26 18:29:32.619648+00,1f975693-876d-457b-a649-393859e79bf3,1,False,,False
ebb9a30b-a360-4dc1-b990-f387b68a6751,2026-03-26 18:29:35.05654+00,cca530fc-4052-43b2-b130-b30968d8aa44,1,False,,False
6b85c14e-bf27-43ee-b4e7-0d37340164af,2026-03-26 18:29:35.05654+00,7bd855d8-463d-4ed5-93ca-5fe35145f733,1,False,,False
6b8cded4-7379-4f89-888d-1e0fc7ca33cb,2026-03-26 19:02:29.39745+00,7d4a7d1d-cac6-44a8-96e8-ea9584a70825,1,False,,False
c45e004a-2bfb-4d07-a598-d31b16c9cad5,2026-04-20 23:01:03.448621+00,384d0dd8-e8a4-4cfe-963c-d37f256e7662,3,True,,False
12b0924a-0b54-4bcb-adc2-13367dd4b9f7,2026-04-20 23:01:03.448621+00,72c06643-a2fa-4186-aa5c-9ec33ae9b445,3,True,,False
d3fa2f25-7103-4939-8c79-8051a3e3db42,2026-03-26 18:29:35.05654+00,9318445f-fe6a-4e1b-acbf-c68228c9906a,1,False,,False
f099f756-a7c8-4826-b4a6-968ba016ba24,2026-03-26 18:52:28.626697+00,cabe07ed-9eca-40ea-8ead-410ef5e83f91,1,False,,False
9b3a440d-9f08-4a18-ad1c-463911aa6004,2026-03-26 18:52:28.626697+00,5d0080cb-90d7-4712-bc33-848150e917d3,1,False,,False
81b6197f-4e73-451e-96e6-430eac8be0c2,2026-03-26 18:52:28.626697+00,5188369a-3bbe-43d8-8b94-11558f909a08,1,False,,False
6244f7ee-c70c-40d0-9fb5-f365a4ee3eae,2026-03-26 18:52:28.626697+00,a0068077-79f4-461a-adfe-75c1a4148545,1,False,,False
5c7abcc3-3a4c-40e9-95ee-3834c7f7b4b8,2026-03-26 18:52:28.626697+00,cf106601-ab4f-4af9-b045-5295fe67b37d,1,False,,False
59dfd791-d428-4142-a207-528f0559afd9,2026-03-26 18:52:28.626697+00,7d4a7d1d-cac6-44a8-96e8-ea9584a70825,1,False,,False
e40fe862-8fac-4db2-bb9d-f9bd5a936cc5,2026-03-26 18:52:28.626697+00,11af4e1a-5f45-467d-9aeb-46f4bb0bf034,1,False,,False
7b4ba3db-b96d-4b0c-825e-35939c406ac6,2026-03-26 18:52:28.626697+00,b816bfce-3d80-4913-a07d-69b752ce6377,1,False,,False
0faf2410-fee8-4b64-906f-30ca69020ea2,2026-03-26 18:52:28.626697+00,a0c07678-e491-4bbc-8f0b-07405144218f,1,False,,False
5a4a29e2-a04d-44b2-a019-e9600cb53251,2026-03-26 18:52:28.626697+00,c714ab3a-da30-4603-bacd-d008800188b9,1,False,,False
141b3da8-cf6b-4ae5-a09f-2d8e492fa323,2026-03-26 18:52:28.626697+00,27d5d136-8563-469e-92bf-fd103c28b57c,1,False,,False
e5e88a1a-cdcf-4881-92af-d1c77f81144c,2026-03-26 18:52:28.626697+00,dc28cf18-6431-458b-83ef-64b3ce566c10,1,False,,False
c4d16a58-7922-4a3b-8d30-c69a9eaece39,2026-03-26 18:52:28.626697+00,3cef3a44-215e-4aed-8e3b-b1e3f08063b7,1,False,,False
86a99a38-1d75-4988-b8b2-04f420611f47,2026-03-26 18:52:28.685608+00,50ad0280-0819-4bd9-b275-5de32d3b5bcb,1,False,,False
6767e908-7e91-476c-b598-6fada7ed8730,2026-03-26 18:52:28.685608+00,2d83110e-a098-4ebb-9987-066c06fa42d0,1,False,,False
e2e08f35-c098-41cd-8956-29d2d011d7ce,2026-03-26 18:52:28.685608+00,5a0c1adf-205e-4841-a666-7c3ef95def9d,1,False,,False
7d34c359-bafc-449b-b36e-b234016b3a87,2026-03-26 18:52:28.685608+00,0383a3ee-47a7-41a4-b493-519bdefe0488,1,False,,False
e3408697-2490-4895-bf92-7264a6d76de0,2026-03-26 18:52:28.685608+00,e1fc63a2-da7a-432f-be78-7c4a95598703,1,False,,False
46d98fa8-7c01-4741-a83c-ec251966327d,2026-03-26 18:52:28.685608+00,b415aba4-4b68-4fc6-9b89-2c812e55a3e1,1,False,,False
b0da0926-b6fb-4341-bd8a-0ace78b8e118,2026-03-26 18:52:28.685608+00,46719c30-f4c3-4cad-be07-d5cb21eee6bb,1,False,,False
6548a547-73f6-4b01-8088-531618460263,2026-03-26 18:52:28.685608+00,7673d772-ef80-4f0f-a602-1bf4485c9b43,1,False,,False
1ef5634e-e509-4819-a471-f70a5e94f100,2026-03-26 18:52:28.685608+00,4b6bb5f7-f634-410e-815d-e673ab7f8632,1,False,,False
4fb69857-1201-4750-b7c1-e96707a3cf0e,2026-03-26 18:52:28.685608+00,935e2cff-ae78-4218-b3f5-115589b19dae,1,False,,False
30c9d642-5018-41a6-aeaa-13f1334c43a7,2026-03-26 18:52:28.685608+00,23dd907f-1261-4488-b21c-e9185af91d5e,1,False,,False
97359e6a-a674-42be-bb47-87b564e08e70,2026-03-26 19:02:29.39745+00,840bfca7-4f7b-481a-8794-c560c340185d,1,False,,False
ef19a99b-8976-4839-89f7-9a4b85b98cbf,2026-03-26 22:32:32.38262+00,46719c30-f4c3-4cad-be07-d5cb21eee6bb,1,False,,False
47d976bc-747e-4484-911a-4b6384505794,2026-03-26 18:52:28.685608+00,6f37996b-2ac7-44b0-8e68-6d28256631b4,1,False,,False
cfca1e68-8668-4579-ab92-c722ff44b4a8,2026-03-26 18:52:28.685608+00,ec09fa32-d03f-4bf8-84b0-1f16922c3ae4,1,False,,False
b543429a-fca7-45d9-8e50-7e42d17ad2ce,2026-03-26 18:52:28.685608+00,c365c1c7-a3db-4d5e-a9a1-66f56eae7865,1,False,,False
32b232ce-6f3f-449f-bfa9-2160fe547c1c,2026-03-26 18:52:28.685608+00,dc22a632-937f-4e6a-b72f-ba0ff3f5ff97,1,False,,False
25249aac-19e2-424f-ac1e-8476b6eba2a0,2026-03-26 18:52:28.685608+00,42576abe-0deb-4869-8c63-225c2d75a95a,1,False,,False
b08602bc-9dba-4985-90c0-8da14165a954,2026-03-26 18:52:28.685608+00,50ec8903-b81f-4257-9450-1085afd2c319,1,False,,False
d1ee792a-e144-405d-b693-19ce236c9685,2026-03-26 18:52:28.685608+00,e142056d-56ab-4352-b091-b56054bd1359,1,False,,False
ccfa032b-e6de-4951-aa82-2fd3dcb23a38,2026-03-26 19:02:29.39745+00,50ad0280-0819-4bd9-b275-5de32d3b5bcb,1,False,,False
ecc6441a-4964-4c1b-aded-f653a025162e,2026-03-26 19:02:29.39745+00,4b650a35-8529-4695-89ed-8dc7a500a498,1,False,,False
6eb98eb7-d03f-4aab-bcef-b2566713557e,2026-03-26 19:02:29.39745+00,8e867cd7-cff9-4e6c-867a-ff5ddc2550be,1,False,,False
16ce885d-2fbe-4c4f-9268-59de1e6178fb,2026-03-26 19:02:29.39745+00,3f57289b-8c60-48be-bd80-01f8099ca449,1,False,,False
410705e0-17dd-484f-ade1-b80bf53c54fb,2026-03-26 19:02:29.39745+00,11af4e1a-5f45-467d-9aeb-46f4bb0bf034,1,False,,False
c32d4176-b113-4613-8089-18a50cec1585,2026-03-26 19:02:29.39745+00,72e110e7-464c-453c-a309-90a95aed6538,1,False,,False
b40888d4-bc6b-432e-8d6f-88e5bc5525aa,2026-03-26 19:02:29.39745+00,a1e91b78-d3d8-4675-bb8d-62741b4b68a6,1,False,,False
6b4bfbb6-68cf-4676-9f88-5b94d32f9695,2026-03-26 19:02:29.39745+00,0383a3ee-47a7-41a4-b493-519bdefe0488,1,False,,False
26f1976c-0f1a-4090-a1c6-983a6da15191,2026-03-26 19:02:29.39745+00,305ac316-eef6-4446-960a-92d80d542f82,1,False,,False
d6fdd7ba-4ed5-4c8e-8e82-6cafecced94b,2026-03-26 19:02:29.39745+00,4fc2f1ae-8625-45b5-ab34-ad4433bc21f8,1,False,,False
655ba7c2-e3dc-406a-b455-c3d8b9fd92db,2026-03-26 19:02:29.39745+00,9d191bce-651d-4746-be2d-7ef8ecadb9c2,1,False,,False
3fcf5f0e-818a-458e-acee-ac8676c6b1c8,2026-03-26 19:02:29.39745+00,bda648d7-d618-4883-88f4-3466eabd860e,1,False,,False
fbad552b-ecec-44ac-ab99-1032b656efc9,2026-03-26 19:02:29.39745+00,cabe07ed-9eca-40ea-8ead-410ef5e83f91,1,False,,False
bb022192-0589-42b1-88ef-8f8af0d3efb9,2026-03-26 19:02:29.39745+00,5d0080cb-90d7-4712-bc33-848150e917d3,1,False,,False
f6c595f2-c19f-437c-99a2-238fb836932f,2026-03-26 19:02:29.39745+00,5188369a-3bbe-43d8-8b94-11558f909a08,1,False,,False
3b3aab72-ecd1-4741-964c-9af4ea8c7112,2026-03-26 19:02:29.39745+00,a0068077-79f4-461a-adfe-75c1a4148545,1,False,,False
85e7fe38-cbcb-4704-ad9b-d22154f90f1c,2026-03-26 19:02:29.39745+00,cf106601-ab4f-4af9-b045-5295fe67b37d,1,False,,False
635fcef0-8997-46ae-91a4-30608ce953f1,2026-03-26 19:02:29.39745+00,935e2cff-ae78-4218-b3f5-115589b19dae,1,False,,False
0a818e4a-70f3-4a7e-9ce8-7f4e63f84e6f,2026-03-26 19:02:29.39745+00,d0633230-7067-47a9-9dbf-ee11e0a2cdd6,1,False,,False
e0783411-dd2f-44f1-8932-eff930ad0ed9,2026-03-26 19:02:29.39745+00,b816bfce-3d80-4913-a07d-69b752ce6377,1,False,,False
5e6e61eb-06ca-4b16-b467-c323f914828a,2026-03-26 19:02:29.39745+00,dc22a632-937f-4e6a-b72f-ba0ff3f5ff97,1,False,,False
7f490609-1710-43e8-b218-96517e678d47,2026-03-26 19:02:29.39745+00,a0c07678-e491-4bbc-8f0b-07405144218f,1,False,,False
e6f7c99c-b802-412b-bc5b-f14866579c4f,2026-03-26 19:02:29.39745+00,c714ab3a-da30-4603-bacd-d008800188b9,1,False,,False
6f94128b-1bb9-460e-854d-2c305652218a,2026-03-26 19:02:29.39745+00,27d5d136-8563-469e-92bf-fd103c28b57c,1,False,,False
858d4c6f-c42e-4e0e-b91f-47e5b5a5c2e9,2026-03-26 19:02:29.39745+00,42576abe-0deb-4869-8c63-225c2d75a95a,1,False,,False
0f6e8e35-780b-40f2-9ff1-c061dd2b6eec,2026-03-26 19:02:29.39745+00,dc28cf18-6431-458b-83ef-64b3ce566c10,1,False,,False
5a0fc2ac-fc7f-4e77-ae42-31f4183f6a51,2026-03-26 22:32:32.353846+00,5a0c1adf-205e-4841-a666-7c3ef95def9d,1,False,,False
dc2d6fa6-25f1-48c7-a089-87c04a1ecd67,2026-03-26 22:32:32.353846+00,e1fc63a2-da7a-432f-be78-7c4a95598703,1,False,,False
15c915cf-d7dc-4da2-89fb-20ab4ed6c976,2026-03-26 22:32:32.353846+00,7673d772-ef80-4f0f-a602-1bf4485c9b43,1,False,,False
5b3fab38-7c73-42f4-a2ea-b097088cfa4a,2026-03-26 22:32:32.353846+00,23dd907f-1261-4488-b21c-e9185af91d5e,1,False,,False
b9084ab7-b565-4566-a81a-c10f2b4a03d8,2026-03-26 19:02:29.39745+00,3cef3a44-215e-4aed-8e3b-b1e3f08063b7,1,False,,False
babd8940-0538-4912-8164-c1c204bfba1b,2026-03-26 19:02:34.642388+00,2d83110e-a098-4ebb-9987-066c06fa42d0,1,False,,False
e4f7dc3e-4ef7-40aa-b466-6e57bb5d8894,2026-03-26 19:02:34.642388+00,5a0c1adf-205e-4841-a666-7c3ef95def9d,1,False,,False
379af87c-ca21-47aa-918c-4b7b379b5730,2026-03-26 19:02:34.642388+00,e1fc63a2-da7a-432f-be78-7c4a95598703,1,False,,False
4ab3e7a5-b657-4d61-96a9-b8deba8ab4ad,2026-03-26 19:02:34.642388+00,b415aba4-4b68-4fc6-9b89-2c812e55a3e1,1,False,,False
a8bd1abf-4763-46d1-8432-2080ea56ecdc,2026-03-26 19:02:34.642388+00,46719c30-f4c3-4cad-be07-d5cb21eee6bb,1,False,,False
4da31f2a-cbd9-486b-b969-90f60675b146,2026-03-26 19:02:34.642388+00,7673d772-ef80-4f0f-a602-1bf4485c9b43,1,False,,False
4b43460a-367d-4ba3-8afe-d6052862fedc,2026-03-26 19:02:34.642388+00,4b6bb5f7-f634-410e-815d-e673ab7f8632,1,False,,False
7937df7d-88ee-41d7-bd44-4720b8560cce,2026-03-26 19:02:34.642388+00,23dd907f-1261-4488-b21c-e9185af91d5e,1,False,,False
e9d5cae9-85d9-4f97-b0da-cef11cca53c3,2026-03-26 19:02:34.642388+00,6f37996b-2ac7-44b0-8e68-6d28256631b4,1,False,,False
dadaa0f8-fea3-4ca3-a0ba-38a3d9318c60,2026-03-26 19:02:34.642388+00,ec09fa32-d03f-4bf8-84b0-1f16922c3ae4,1,False,,False
43dbbea4-84d1-4608-909d-a80fabf573b3,2026-03-26 19:02:34.642388+00,c365c1c7-a3db-4d5e-a9a1-66f56eae7865,1,False,,False
c42b558c-1b16-4a53-9ffb-fcbb7f51767b,2026-03-26 19:02:34.642388+00,50ec8903-b81f-4257-9450-1085afd2c319,1,False,,False
ae8347ef-8d27-4eae-a3bf-18331a274757,2026-03-26 19:02:34.642388+00,e142056d-56ab-4352-b091-b56054bd1359,1,False,,False
954db112-637d-46ca-8561-a7e52528a8ec,2026-04-20 23:01:03.448621+00,8131e2c0-0083-4265-9ce7-78c2d568425d,3,True,,False
6d85f3a1-6f6a-4a97-8f7a-26a87bc053a0,2026-04-20 23:01:03.448621+00,5f982798-16b9-4051-ab57-cfc7ebdb2a91,3,True,,False
ca87bc23-288b-4546-8f2c-6d1db3dbd903,2026-03-26 22:32:32.38262+00,4b6bb5f7-f634-410e-815d-e673ab7f8632,1,False,,False
7eb0422e-02bd-4f6b-9886-15252a7c1040,2026-03-26 22:32:32.38262+00,e142056d-56ab-4352-b091-b56054bd1359,1,False,,False
53f2049f-acd3-4c25-bc46-15194d2008eb,2026-03-27 15:06:59.027593+00,f918266a-b3e0-4914-865d-4faa564f1aef,1,True,True,True
664a8006-0382-4686-b1f1-99e1d7224b63,2026-03-27 16:55:49.260023+00,32102e3e-d12a-4209-9163-7b3a104efe5d,2,True,True,True
f8c1bd2d-6b65-4ced-a605-0efcf6ff5f32,2026-03-27 16:55:49.260023+00,e9a2c537-8232-4c3f-85b0-b52de6bcba99,2,True,True,True
f02c94ff-ea7f-46de-a66d-77d6d95e56c1,2026-03-27 16:55:49.260023+00,bfcd99e1-0690-4b53-a85c-0174a8629083,2,True,True,True
f1ea2916-9f83-48ca-b2ef-8ea1ce8d2acb,2026-03-27 16:55:49.260023+00,7dd30055-0198-452e-8c25-f73dbe27dcb8,2,True,True,True
af3a83ee-8da4-402c-aa74-10fa08452625,2026-03-27 15:06:59.027593+00,65afbc8a-89ca-4ad5-8d62-355bb401f61d,1,True,True,True
af3729ae-7b29-47da-9ae2-5ee8f9f463ac,2026-03-27 15:06:59.027593+00,7bd855d8-463d-4ed5-93ca-5fe35145f733,1,True,True,True
df2913f5-7c98-4420-80ff-de53fcb34059,2026-03-27 16:55:49.260023+00,edd4d4f2-1a58-45c4-b038-67337af4e029,2,True,True,True
14fe7154-1564-475e-91e0-9d63340226fa,2026-03-27 16:55:49.383864+00,8f80e01c-1296-4371-9486-bb3d68651a60,2,True,False,False
e891c361-5f8f-4a4b-8d2c-f02e6de0ea0c,2026-03-28 18:32:18.205536+00,9b54f9d9-35ee-4a14-b62f-d130ea00317f,3,True,True,True
5a4b3cc0-df3c-433d-8658-d0ce327323a7,2026-03-27 15:06:59.027593+00,a3fbeb63-0e8c-4a11-bff6-0e3b484c3e9c,1,True,True,True
e1b7fbdb-fca8-4fc6-ad67-e181291226b6,2026-03-27 16:55:49.383864+00,67e8878b-5cef-4375-804e-e6291fdbe78a,2,True,False,False
763d8998-4052-4972-a54e-e4937867ed47,2026-03-27 16:55:49.260023+00,076c8171-9b3b-49b9-a477-244d2a532826,2,True,True,True
d60c9220-e9a8-4ab3-a8cd-755be81fd574,2026-03-27 16:55:49.260023+00,4d0aa727-86b1-406b-9b33-f870dd14a4a5,2,True,True,True
54427d39-ca16-4504-9fc0-308ec3573d2c,2026-03-27 16:55:49.383864+00,df6561b2-7ee5-4540-baab-5095f742716a,2,True,False,False
f40dd0c7-f4be-4a45-b9f9-e2af579d2166,2026-03-27 15:06:59.077039+00,cca530fc-4052-43b2-b130-b30968d8aa44,1,True,False,False
cdda8230-b485-40eb-89a7-aca3ecd0ca10,2026-03-28 18:32:18.274996+00,bec74516-02fc-48dc-b202-55e78d0e17cf,3,True,False,False
b5055f52-3cec-491d-98ec-5659289a1f91,2026-03-27 16:55:49.260023+00,366e2f2b-8632-4ef2-81eb-bc3877489217,2,True,True,True
54543a2e-a744-4bc3-85f3-56d208c21dfa,2026-04-27 20:31:49.911566+00,0512426f-4d28-49f0-be77-06d05daec096,3,True,,False
6e5fb7dd-1930-4bf0-8b2e-018f5c8afcf1,2026-04-07 15:19:33.917544+00,389793a7-ca17-4e82-81cb-2b3a2391b4b9,1,True,True,True
8e579095-a29f-40a7-8296-788c80d38af4,2026-04-27 20:35:57.577873+00,0512426f-4d28-49f0-be77-06d05daec096,3,True,,True
65f60c2e-bd39-4cb8-9bd2-c16e88c3e40e,2026-04-07 15:19:33.917544+00,4b650a35-8529-4695-89ed-8dc7a500a498,1,True,True,True
e47d0585-84aa-42f5-8f4f-a39341a3c50d,2026-03-28 18:32:18.205536+00,5b2a14e8-6e59-479c-80e3-4696e8980152,3,True,True,True
e6119676-c2e6-4ae6-8733-c4906748814f,2026-04-27 21:23:19.437091+00,bec74516-02fc-48dc-b202-55e78d0e17cf,3,True,,False
c8bf5244-9f0e-441b-a791-9bdc1fb0cd17,2026-03-27 16:55:49.383864+00,4d51c4bf-4b0e-4f3d-897b-3f6687a7d9f2,2,True,False,False
9f08e467-5e86-4882-8ef4-1d4bcb9fc131,2026-03-27 16:55:49.383864+00,6359a0b1-8f7b-499b-9336-840f9ab90688,2,False,False,False
b93fdc09-81a4-425a-9c5d-52f4d039f321,2026-04-09 15:35:04.087321+00,4b6bb5f7-f634-410e-815d-e673ab7f8632,1,True,,False
b7ed19cd-2170-4ec4-996f-9244a11e1bdb,2026-04-07 15:19:34.07357+00,bda648d7-d618-4883-88f4-3466eabd860e,1,False,False,False
97431ab8-22ea-47d3-ae6d-9c12a100d3ce,2026-04-07 15:19:34.07357+00,23dd907f-1261-4488-b21c-e9185af91d5e,1,True,False,False
7e018497-af51-4779-84cd-4f14ddd030e4,2026-04-07 15:19:34.07357+00,e142056d-56ab-4352-b091-b56054bd1359,1,True,False,False
124c4083-734b-4ff3-8438-906ef2cbcbcb,2026-04-09 15:35:04.087321+00,23dd907f-1261-4488-b21c-e9185af91d5e,1,True,,False
09dde5f9-dc94-4c4d-8791-c062f8f35c2a,2026-04-09 15:35:04.087321+00,ec09fa32-d03f-4bf8-84b0-1f16922c3ae4,1,True,,False
c99595ff-5235-4cf9-89ff-7ee5db2d55af,2026-04-09 15:35:04.087321+00,c365c1c7-a3db-4d5e-a9a1-66f56eae7865,1,True,,False
af37a295-387d-4537-930e-d906820cb693,2026-03-27 16:55:49.383864+00,0e9e85b8-52b9-4de4-b402-5f635ab9631f,2,False,False,False
518f4628-30ce-4122-8c95-b1d90e65e462,2026-03-27 15:06:59.027593+00,5d0080cb-90d7-4712-bc33-848150e917d3,1,True,True,True
902ed3ce-95e6-44ba-8940-44b003e20002,2026-04-07 15:19:33.917544+00,f918266a-b3e0-4914-865d-4faa564f1aef,1,True,True,True
f51babe6-83f9-4e27-b5f5-c970c1830780,2026-04-07 15:19:34.07357+00,cca530fc-4052-43b2-b130-b30968d8aa44,1,True,False,False
9d10d3f8-3422-47cb-8cb4-d0fe6d9d4196,2026-04-07 15:19:33.917544+00,65afbc8a-89ca-4ad5-8d62-355bb401f61d,1,True,True,True
df0bee13-f5e5-4907-a5e0-4b0a7840f3d0,2026-04-07 15:19:33.917544+00,7bd855d8-463d-4ed5-93ca-5fe35145f733,1,True,True,True
3da165a5-6dc4-4ff3-be43-c8c301abe6e8,2026-04-07 15:19:33.917544+00,a3fbeb63-0e8c-4a11-bff6-0e3b484c3e9c,1,True,True,True
72992a6c-e232-4d10-bdea-568395c62bd9,2026-04-07 15:19:33.917544+00,5cfb274c-0207-4aa7-9575-6ac0bd95d9b2,1,True,True,True
eae04734-cde5-4b48-ab01-c5114984cd0e,2026-04-09 17:54:45.537109+00,a0068077-79f4-461a-adfe-75c1a4148545,1,True,,False
c5e99724-fa0b-4f25-9e5e-51a32e0c7e82,2026-03-27 15:06:59.027593+00,5188369a-3bbe-43d8-8b94-11558f909a08,1,True,True,True
701aa005-0fd2-44f5-9336-a92b906f3dff,2026-03-28 18:32:18.274996+00,983bba7c-c092-455f-b6c9-7857003d48fc,3,False,False,False
395216c0-18d6-4ae5-a88a-e28471a4f6d4,2026-04-07 15:19:33.917544+00,cffe0e32-c9a6-4c52-9877-78ceb4aaa9fb,1,True,True,True
68fdf874-c0fa-4409-82e5-09723111e8e6,2026-04-07 15:19:34.07357+00,9318445f-fe6a-4e1b-acbf-c68228c9906a,1,True,False,False
beb617e7-c3af-4ba2-9c46-93d8c47bd1ed,2026-04-07 15:19:33.917544+00,99c9cc74-fdc8-46c6-8f8d-3ce2d3bfeea3,1,True,True,True
c6f3e44c-d47c-4d3d-8fce-353be51a35aa,2026-04-07 15:19:33.917544+00,1f975693-876d-457b-a649-393859e79bf3,1,True,True,True
0af0c076-409a-430e-ac06-c8550f0fccdb,2026-04-07 15:19:33.917544+00,50ad0280-0819-4bd9-b275-5de32d3b5bcb,1,True,True,True
677597f1-72d1-4c35-a366-b1e7d037b499,2026-04-10 16:28:26.89189+00,f918266a-b3e0-4914-865d-4faa564f1aef,1,True,,True
e751dffd-5923-41a8-b3ae-d2281b2a0c6b,2026-04-07 15:19:33.917544+00,2d83110e-a098-4ebb-9987-066c06fa42d0,1,True,True,True
9d1c01db-d46e-4379-b9c2-e1f93ea1dbfe,2026-04-07 15:19:33.917544+00,8e867cd7-cff9-4e6c-867a-ff5ddc2550be,1,True,True,True
387726fc-9d61-4f28-8f7a-f4a1df70d87c,2026-04-07 15:19:33.917544+00,840bfca7-4f7b-481a-8794-c560c340185d,1,True,True,True
0ac1efa7-b992-4803-b703-2bd296c9b245,2026-04-07 15:19:33.917544+00,3f57289b-8c60-48be-bd80-01f8099ca449,1,True,True,True
54412f05-f64a-42bd-999f-2dfa92bfa73b,2026-04-07 15:19:34.07357+00,72e110e7-464c-453c-a309-90a95aed6538,1,True,False,False
9639337d-051b-4548-b657-76a8bea8e3be,2026-04-07 15:19:33.917544+00,a1e91b78-d3d8-4675-bb8d-62741b4b68a6,1,True,True,True
0d949a4b-7bb1-4aa5-9866-bc88eef4edb8,2026-04-07 15:19:33.917544+00,5a0c1adf-205e-4841-a666-7c3ef95def9d,1,True,True,True
590e9804-0bd4-485b-9472-3c55784c861b,2026-04-07 15:19:33.917544+00,0383a3ee-47a7-41a4-b493-519bdefe0488,1,True,True,True
bf54efc1-d596-4650-bef2-a6bee8206e12,2026-04-10 20:45:55.986173+00,9d191bce-651d-4746-be2d-7ef8ecadb9c2,1,True,,True
16fd2086-9c33-4ebc-972c-8aaf3754f183,2026-04-07 15:19:33.917544+00,e1fc63a2-da7a-432f-be78-7c4a95598703,1,True,True,True
5351144c-51a5-4d25-a9ad-a50937d07d94,2026-04-07 15:19:33.917544+00,305ac316-eef6-4446-960a-92d80d542f82,1,True,True,True
a080f239-1fee-4e2e-8340-ddbf64c0a23b,2026-04-07 15:19:33.917544+00,4fc2f1ae-8625-45b5-ab34-ad4433bc21f8,1,True,True,True
e64849b4-e622-4aca-b413-a1bb732b8ef7,2026-04-07 15:19:33.917544+00,9d191bce-651d-4746-be2d-7ef8ecadb9c2,1,True,True,True
50f44ec9-ab7c-4136-9414-d1bd39fbfb7a,2026-04-07 15:19:33.917544+00,b415aba4-4b68-4fc6-9b89-2c812e55a3e1,1,True,True,True
ef221e66-1d07-47b8-82a3-44f0f08c95dd,2026-04-07 15:19:33.917544+00,cabe07ed-9eca-40ea-8ead-410ef5e83f91,1,True,True,True
d9d87858-7557-4cd7-8c1c-87644652685a,2026-04-07 15:19:33.917544+00,5d0080cb-90d7-4712-bc33-848150e917d3,1,True,True,True
e862dd3d-01b9-454f-9c1f-86cd1ec35c15,2026-04-07 15:19:34.07357+00,46719c30-f4c3-4cad-be07-d5cb21eee6bb,1,True,False,False
7ab4bba0-fb3e-4337-945b-d07ae7d35775,2026-04-07 15:19:33.917544+00,5188369a-3bbe-43d8-8b94-11558f909a08,1,True,True,True
8dae34d0-68c3-4536-962b-42f15ab082ab,2026-04-07 15:19:33.917544+00,a0068077-79f4-461a-adfe-75c1a4148545,1,True,True,True
43078694-aaa9-4637-b3e8-da596ac0c4d9,2026-04-07 15:19:33.917544+00,7673d772-ef80-4f0f-a602-1bf4485c9b43,1,True,True,True
723af5e1-be21-4854-90fd-6249b307a214,2026-04-07 15:19:33.917544+00,cf106601-ab4f-4af9-b045-5295fe67b37d,1,True,True,True
ab4e2942-16ab-4015-a8f7-a2b6cda2cbe3,2026-04-07 15:19:34.07357+00,4b6bb5f7-f634-410e-815d-e673ab7f8632,1,True,False,False
365ba4e2-c09f-4ad0-a4b2-83351b6a61ff,2026-04-07 15:19:33.917544+00,935e2cff-ae78-4218-b3f5-115589b19dae,1,True,True,True
5f7bd757-9744-4510-a453-e8e2a15c5442,2026-04-07 15:19:33.917544+00,7d4a7d1d-cac6-44a8-96e8-ea9584a70825,1,True,True,True
c310af66-9ff1-4977-8bc4-9aee9dafe034,2026-04-07 15:19:33.917544+00,6f37996b-2ac7-44b0-8e68-6d28256631b4,1,True,True,True
918366ee-8b48-47b0-9d5f-633e5652762a,2026-04-07 15:19:33.917544+00,11af4e1a-5f45-467d-9aeb-46f4bb0bf034,1,True,True,True
4161ba9c-f5dd-40de-a742-d32b85057b9b,2026-03-27 15:06:59.027593+00,cabe07ed-9eca-40ea-8ead-410ef5e83f91,1,True,True,True
5d1c1efb-7a48-44ba-8076-c69909d00929,2026-04-07 15:19:33.917544+00,d0633230-7067-47a9-9dbf-ee11e0a2cdd6,1,True,True,True
b578768c-f54c-4efa-b1e8-4b1ba8c16523,2026-04-07 15:19:33.917544+00,b816bfce-3d80-4913-a07d-69b752ce6377,1,True,True,True
7c1730dd-9c1b-425a-ba3f-95a532e2c3c2,2026-04-07 15:19:34.07357+00,ec09fa32-d03f-4bf8-84b0-1f16922c3ae4,1,True,False,False
26160bc8-1484-479b-a1b5-8219909fcb41,2026-04-07 15:19:34.07357+00,c365c1c7-a3db-4d5e-a9a1-66f56eae7865,1,True,False,False
fb27b306-3602-4366-bf26-190c53f98d37,2026-04-07 15:19:33.917544+00,dc22a632-937f-4e6a-b72f-ba0ff3f5ff97,1,True,True,True
55d6790b-47b8-48b8-8289-8d743e073609,2026-04-07 15:19:33.917544+00,a0c07678-e491-4bbc-8f0b-07405144218f,1,True,True,True
10a728aa-1366-4fea-8394-756e20966cce,2026-04-07 15:19:33.917544+00,c714ab3a-da30-4603-bacd-d008800188b9,1,True,True,True
9333c44b-e55e-470f-918d-fb650ddc9070,2026-03-27 16:55:49.260023+00,05407167-39ec-4d3a-a234-73a9120c325d,2,True,True,True
f51b4a6d-18f1-4dff-932b-41c4d4f25eeb,2026-04-07 15:19:33.917544+00,27d5d136-8563-469e-92bf-fd103c28b57c,1,True,True,True
c9fef852-6765-4117-b785-63002fe1e83b,2026-04-07 15:19:33.917544+00,42576abe-0deb-4869-8c63-225c2d75a95a,1,True,True,True
6246b425-5b03-4441-8145-899a3c760741,2026-04-07 15:19:33.917544+00,dc28cf18-6431-458b-83ef-64b3ce566c10,1,True,True,True
b46add25-f09b-4036-8c14-ea856f298368,2026-04-07 15:19:33.917544+00,50ec8903-b81f-4257-9450-1085afd2c319,1,True,True,True
11e8e143-6e3c-43bf-af26-fd673214f843,2026-04-07 15:19:33.917544+00,3cef3a44-215e-4aed-8e3b-b1e3f08063b7,1,True,True,True
b91388bd-0251-44f8-b285-9db7f7d5a79b,2026-04-09 17:54:45.404077+00,65afbc8a-89ca-4ad5-8d62-355bb401f61d,1,True,,True
225eb640-7d81-4c60-ad86-18b223a0cf8d,2026-04-09 15:35:03.888259+00,f918266a-b3e0-4914-865d-4faa564f1aef,1,True,,True
1c6de961-85a6-40c2-ab57-a321080ae865,2026-04-09 15:35:03.888259+00,65afbc8a-89ca-4ad5-8d62-355bb401f61d,1,True,,True
679ec614-1e2a-4627-a2aa-4a7dd8057c64,2026-04-09 15:35:03.888259+00,7bd855d8-463d-4ed5-93ca-5fe35145f733,1,True,,True
4c4cf7fd-7bc7-4c03-ac2d-97a3f8a50a54,2026-04-09 15:35:03.888259+00,a3fbeb63-0e8c-4a11-bff6-0e3b484c3e9c,1,True,,True
c43268e9-7c57-40d7-9938-36d9f34d237f,2026-04-09 15:35:03.888259+00,5cfb274c-0207-4aa7-9575-6ac0bd95d9b2,1,True,,True
98203e47-cf6e-49c0-81b6-aa13375d6663,2026-04-09 15:35:03.888259+00,cffe0e32-c9a6-4c52-9877-78ceb4aaa9fb,1,True,,True
9eb81023-b8f4-4dc2-b613-9ea182663330,2026-03-27 16:55:49.383864+00,624cbf11-6a41-4692-af9c-36b3e5ca3130,2,False,False,False
5d64e4d2-0cfd-49f8-9564-90dea4750844,2026-03-27 16:55:49.260023+00,b4cc024b-3f5e-480e-b96a-6656493255b5,2,True,True,True
d89c4814-af12-48a7-9454-339247cf805a,2026-04-09 15:35:03.888259+00,389793a7-ca17-4e82-81cb-2b3a2391b4b9,1,True,,True
4d4a9250-b12b-4377-a4aa-04e51cd24b32,2026-04-09 15:35:03.888259+00,99c9cc74-fdc8-46c6-8f8d-3ce2d3bfeea3,1,True,,True
3c6f0609-dba2-47bc-a862-2d39222bbd1b,2026-04-09 15:35:03.888259+00,1f975693-876d-457b-a649-393859e79bf3,1,True,,True
b7dc5a37-5517-4a73-9d76-7eedfb607390,2026-04-09 15:35:03.888259+00,50ad0280-0819-4bd9-b275-5de32d3b5bcb,1,True,,True
50800957-1708-468e-8740-5a24956cbb3d,2026-04-09 17:54:45.404077+00,f918266a-b3e0-4914-865d-4faa564f1aef,1,True,,True
698cc5be-b914-45b8-9b3b-d126f8349a17,2026-03-27 16:55:49.260023+00,8b3379c0-0981-4f5b-8407-6444610cb212,2,True,True,True
91ff17cc-323a-4d6a-b563-28c9a332a1a4,2026-03-27 15:06:59.027593+00,a0c07678-e491-4bbc-8f0b-07405144218f,1,True,True,True
7de90607-eee8-41ad-be95-6d93a8af8053,2026-04-09 15:35:03.888259+00,2d83110e-a098-4ebb-9987-066c06fa42d0,1,True,,True
70a53889-a605-41bb-8db9-c4ccc03f6506,2026-04-09 15:35:03.888259+00,4b650a35-8529-4695-89ed-8dc7a500a498,1,True,,True
488b9848-a75c-4df3-8b7e-ba1b221b2993,2026-04-09 15:35:03.888259+00,8e867cd7-cff9-4e6c-867a-ff5ddc2550be,1,True,,True
66c8b720-58f1-414a-b5c2-65307260fe16,2026-04-09 15:35:03.888259+00,840bfca7-4f7b-481a-8794-c560c340185d,1,True,,True
b3a9fdd1-5b08-4ef0-a427-cbe22110182d,2026-04-09 15:35:03.888259+00,3f57289b-8c60-48be-bd80-01f8099ca449,1,True,,True
951e0eaa-e987-487b-8951-3508f1764da0,2026-04-09 15:35:03.888259+00,a1e91b78-d3d8-4675-bb8d-62741b4b68a6,1,True,,True
645b112b-7fe6-4a9a-81ec-27db572edb3a,2026-04-09 15:35:03.888259+00,5a0c1adf-205e-4841-a666-7c3ef95def9d,1,True,,True
b4632eea-5317-4e7b-b3af-9f11fb0264e0,2026-03-27 16:55:49.260023+00,f3917a3d-1d17-4ee2-90c5-683b072218fe,2,True,True,True
3d1ec8f2-6912-4ccf-8a90-082bdc6aabe1,2026-04-09 15:35:03.888259+00,0383a3ee-47a7-41a4-b493-519bdefe0488,1,True,,True
7f8e772c-5a21-4934-8c63-94be24933064,2026-04-09 15:35:03.888259+00,e1fc63a2-da7a-432f-be78-7c4a95598703,1,True,,True
4186342e-86a3-4694-8a24-a7c35b3b799c,2026-04-09 15:35:03.888259+00,305ac316-eef6-4446-960a-92d80d542f82,1,True,,True
a21e8587-e8dc-437c-96cd-4ed36743acd6,2026-04-09 15:35:03.888259+00,4fc2f1ae-8625-45b5-ab34-ad4433bc21f8,1,True,,True
8e2525b9-c4f8-46b2-b887-bdcb153aa514,2026-04-09 15:35:03.888259+00,9d191bce-651d-4746-be2d-7ef8ecadb9c2,1,True,,True
233d334f-357d-4dca-8a0c-a9ffe86c1120,2026-04-09 15:35:03.888259+00,b415aba4-4b68-4fc6-9b89-2c812e55a3e1,1,True,,True
f148a14e-0613-4497-84f6-0b32b78415ac,2026-04-09 15:35:03.888259+00,cabe07ed-9eca-40ea-8ead-410ef5e83f91,1,True,,True
9d7888fa-4e09-4ce2-b053-39b9c8a86014,2026-04-09 15:35:03.888259+00,5d0080cb-90d7-4712-bc33-848150e917d3,1,True,,True
e4014883-a399-418a-a9ef-dfc60d093db6,2026-04-09 15:35:03.888259+00,5188369a-3bbe-43d8-8b94-11558f909a08,1,True,,True
743ffa07-70f6-4922-911f-ed66e9c5be14,2026-04-09 15:35:03.888259+00,a0068077-79f4-461a-adfe-75c1a4148545,1,True,,True
6947fd75-ee90-4a35-a0a7-ca9c80dd83b7,2026-04-09 15:35:03.888259+00,7673d772-ef80-4f0f-a602-1bf4485c9b43,1,True,,True
c4d31e43-1d53-49f4-9028-5065def2fe20,2026-04-09 15:35:03.888259+00,cf106601-ab4f-4af9-b045-5295fe67b37d,1,True,,True
82fb7abc-fd96-4bb5-9dc1-3e360837b4f3,2026-04-09 15:35:03.888259+00,935e2cff-ae78-4218-b3f5-115589b19dae,1,True,,True
cc7392bc-ff81-48e7-8c9f-1f36da808d7f,2026-04-09 15:35:03.888259+00,7d4a7d1d-cac6-44a8-96e8-ea9584a70825,1,True,,True
b7219c8c-e4d7-4ca6-af82-36dc05a38c39,2026-04-09 15:35:03.888259+00,6f37996b-2ac7-44b0-8e68-6d28256631b4,1,True,,True
059e93f2-831c-4f75-aa6b-c88f316a3800,2026-04-09 15:35:03.888259+00,11af4e1a-5f45-467d-9aeb-46f4bb0bf034,1,True,,True
180fa3ba-1dae-46f2-bab2-2f417ae5328b,2026-04-09 15:35:03.888259+00,d0633230-7067-47a9-9dbf-ee11e0a2cdd6,1,True,,True
b46b5a9b-ccff-4946-97ae-93cc72b60b2f,2026-04-09 15:35:03.888259+00,b816bfce-3d80-4913-a07d-69b752ce6377,1,True,,True
74cbe7cd-3cc2-4f54-b69a-ded579c6d7e1,2026-03-27 16:55:49.260023+00,3ff6b7a9-a5bd-4412-ad92-0cd0d45c0fee,2,True,True,True
80e41a2f-346d-478f-903b-5dcd7f87cf58,2026-04-09 15:35:03.888259+00,dc22a632-937f-4e6a-b72f-ba0ff3f5ff97,1,True,,True
1e4ba477-501e-4dbd-9c92-81d7467bf4f6,2026-04-09 15:35:03.888259+00,a0c07678-e491-4bbc-8f0b-07405144218f,1,True,,True
8134b867-fb14-42ea-b217-83d4f87b8a0c,2026-04-09 17:54:45.404077+00,7bd855d8-463d-4ed5-93ca-5fe35145f733,1,True,,True
b129ba39-26ea-4b60-84e2-2b527ab04ef5,2026-04-09 15:35:03.888259+00,c714ab3a-da30-4603-bacd-d008800188b9,1,True,,True
de9a5875-3caa-4542-9d35-ecaec06507a2,2026-04-09 15:35:03.888259+00,27d5d136-8563-469e-92bf-fd103c28b57c,1,True,,True
0c562826-7910-4ab0-9ba0-c2bd376f98fa,2026-03-27 15:06:59.027593+00,5cfb274c-0207-4aa7-9575-6ac0bd95d9b2,1,True,True,True
495f860e-4ac2-427f-aae8-3b3e433fb43e,2026-03-27 16:55:49.260023+00,2b3ef98c-cc05-450b-a719-711aee40ac65,2,True,True,True
ae3ed13c-bb09-4b64-a2f6-354e223e8efd,2026-03-27 16:55:49.383864+00,cca70ce6-1952-45d2-acd4-80c903b0bc49,2,True,False,False
7bdf0bec-6b1e-4e4a-ab7d-62c6d8b041e8,2026-04-09 17:54:45.404077+00,4b6bb5f7-f634-410e-815d-e673ab7f8632,1,True,,True
0b3896df-cc15-4225-b72e-2c42b8ace125,2026-03-28 18:32:18.274996+00,c526d8d6-5987-4da9-b24c-83466fa172f3,3,True,False,False
f145e152-ee76-4fe3-8e4b-afe17c5617cc,2026-03-27 15:06:59.027593+00,cffe0e32-c9a6-4c52-9877-78ceb4aaa9fb,1,True,True,True
441bc2ef-c4ef-4685-918e-8a8b266f2a7f,2026-03-27 16:55:49.260023+00,54612da3-fd56-4941-80f4-5eb82330de25,2,True,True,True
9c29601b-d302-40d6-bf7e-c9d40cff1aae,2026-03-27 15:06:59.077039+00,9318445f-fe6a-4e1b-acbf-c68228c9906a,1,True,False,False
dea21e5e-0ab5-4922-b1ff-93b73f1a3a34,2026-03-27 16:55:49.260023+00,d8152ad6-e4d5-4c12-8bb7-8d57dc10c6de,2,True,True,True
b18d16cc-c165-4eb7-bc13-1241017bd518,2026-03-28 18:32:18.274996+00,8d46b8d6-b38a-47ff-ac74-cda14cf2d19b,3,True,False,False
3c9d6f7d-c767-4c7d-b363-c565058d0541,2026-03-27 16:55:49.260023+00,b2c257e0-3ad7-4f05-b8e3-d9da973be36e,2,True,True,True
15204c9f-4d28-4a42-b9b4-55ecad8d7e0b,2026-03-27 16:55:49.260023+00,b7f857e4-d8aa-4387-af2a-0e844df5b9d8,2,True,True,True
f910b239-c4de-4b8e-8e87-12f30964d152,2026-03-27 15:06:59.027593+00,389793a7-ca17-4e82-81cb-2b3a2391b4b9,1,True,True,True
71a9a109-a61f-474a-befe-516af3695ddc,2026-03-28 18:32:18.274996+00,3da89939-209c-4086-8520-7eb734e6b4ef,3,False,False,False
04dc1020-86a3-48eb-ba49-0e01caadd391,2026-03-27 15:06:59.027593+00,99c9cc74-fdc8-46c6-8f8d-3ce2d3bfeea3,1,True,True,True
a627e5c0-30f4-460a-ae9f-873f37edeb92,2026-03-28 18:32:18.205536+00,da52d699-e8d2-4dc5-9191-a2199e0b6a9b,3,True,True,True
cff1219e-bd5a-4763-a237-d5e8e10c7756,2026-04-09 15:35:03.888259+00,42576abe-0deb-4869-8c63-225c2d75a95a,1,True,,True
9883d73e-2f00-4b29-a0f1-b494ba1bd205,2026-03-27 15:06:59.027593+00,1f975693-876d-457b-a649-393859e79bf3,1,True,True,True
5c9e11d5-65bb-40ca-af8e-bfe003c84817,2026-03-27 15:06:59.027593+00,50ad0280-0819-4bd9-b275-5de32d3b5bcb,1,True,True,True
b2f96fac-bb06-4b29-9647-8a4fa74fdfcd,2026-03-27 15:06:59.077039+00,2d83110e-a098-4ebb-9987-066c06fa42d0,1,False,False,False
270ee191-34c0-4f63-a3e5-ae1154978674,2026-03-27 16:55:49.260023+00,b9763138-c053-4832-9f55-86200cb1f99c,2,True,True,True
d4b2ea88-feb2-4f8c-91c3-d643f738e032,2026-03-27 15:06:59.027593+00,4b650a35-8529-4695-89ed-8dc7a500a498,1,True,True,True
42e1ce8c-f8fe-440a-9079-22475c46eafa,2026-03-27 15:06:59.027593+00,8e867cd7-cff9-4e6c-867a-ff5ddc2550be,1,True,True,True
8988d2e7-0779-49ad-bdc8-b1195351f681,2026-03-27 16:55:49.383864+00,08cae58d-4084-4616-b6dd-dd6534e4825b,2,True,False,False
d8c3dabe-d6de-44c6-813d-5cdab7d97ffc,2026-03-27 15:06:59.027593+00,840bfca7-4f7b-481a-8794-c560c340185d,1,True,True,True
9a31470c-9d7f-49fa-84d0-e87bd8ccb92f,2026-03-27 15:06:59.027593+00,3f57289b-8c60-48be-bd80-01f8099ca449,1,True,True,True
b04d4d5f-f2e1-4e2e-ad79-d456f2e0ba96,2026-03-27 15:06:59.027593+00,72e110e7-464c-453c-a309-90a95aed6538,1,True,True,True
83f6c7e7-7033-4fdd-8807-e1997b6873ab,2026-03-27 15:06:59.027593+00,a1e91b78-d3d8-4675-bb8d-62741b4b68a6,1,True,True,True
5f814b9f-33c1-408d-a646-b2b96b3b2e6f,2026-03-27 15:06:59.027593+00,5a0c1adf-205e-4841-a666-7c3ef95def9d,1,True,True,True
fe158d20-efb6-419b-ae95-5aed9d9d060b,2026-03-27 15:06:59.027593+00,0383a3ee-47a7-41a4-b493-519bdefe0488,1,True,True,True
0e9eda74-8d74-4f59-880e-3623dff3fc4b,2026-03-27 15:06:59.077039+00,e1fc63a2-da7a-432f-be78-7c4a95598703,1,True,False,False
4c54339c-5220-4932-87e5-a755b8a97810,2026-03-27 15:06:59.027593+00,305ac316-eef6-4446-960a-92d80d542f82,1,True,True,True
137548e8-0b56-43ad-b702-8a53bf2c7a04,2026-03-27 15:06:59.027593+00,4fc2f1ae-8625-45b5-ab34-ad4433bc21f8,1,True,True,True
e68521b8-20f3-4d45-8bd9-670a1c496da0,2026-03-27 16:55:49.383864+00,a7feb290-76bb-4cb7-8800-7edaf7954f2f,2,True,False,False
41594cbc-7ef4-4e6d-9914-1f8110d3e5c8,2026-03-27 15:06:59.027593+00,9d191bce-651d-4746-be2d-7ef8ecadb9c2,1,True,True,True
449bb826-473f-47c3-ba98-14fb5a0785a8,2026-03-27 15:06:59.027593+00,bda648d7-d618-4883-88f4-3466eabd860e,1,True,True,True
0b60b190-577f-4bef-aed8-493e5d3138ce,2026-04-09 15:35:03.888259+00,dc28cf18-6431-458b-83ef-64b3ce566c10,1,True,,True
2666bfe0-8994-4c63-9ffe-60fdf2c47a96,2026-03-27 15:06:59.027593+00,b415aba4-4b68-4fc6-9b89-2c812e55a3e1,1,True,True,True
9cd5a1a1-c0cd-4bf2-9b14-7c58cee5cc6d,2026-03-27 16:55:49.260023+00,7619a514-5fa8-43ef-9143-83b66a43d7a4,2,True,True,True
0f00aaa7-52d4-4a06-b094-800b8f81c34c,2026-03-27 16:55:49.383864+00,48eb8242-1099-4c26-95d4-ef22b002457a,2,True,False,False
e27c7433-8cd1-46e2-bf67-8c5a8e603158,2026-03-27 16:55:49.260023+00,14569e28-c88c-43e4-8c32-097d35b9a67d,2,True,True,True
5a817b2b-086d-4809-a5cb-c506ca4cc736,2026-03-27 16:55:49.383864+00,708b99c5-e4a7-49cb-a5cf-933c8d46470d,2,True,False,False
49e01831-ca27-44c7-af7b-c336e7e4e57e,2026-03-27 16:55:49.260023+00,7cc4acfa-63fd-4acc-a1a1-e8e529e0a97f,2,True,True,True
ad69b176-f3e1-4de3-9c11-401ae62a352c,2026-03-27 16:55:49.260023+00,114d5fd0-e2ae-4b6d-a65a-870da2d19c08,2,True,True,True
b25abe1e-120c-45d6-9b49-647007fcfe19,2026-03-27 16:55:49.260023+00,d700d50d-c707-4dca-90dc-4528cddd0c80,2,True,True,True
cd722e5b-a6ea-443d-9957-ff1a4427244f,2026-03-27 16:55:49.383864+00,ecbc4f94-95a3-4cc7-b255-6741a458a625,2,True,False,False
07c3965c-8965-4f5f-89fe-4e352072af6d,2026-03-27 15:06:59.077039+00,46719c30-f4c3-4cad-be07-d5cb21eee6bb,1,True,False,False
29eb661b-a9cd-4f6b-9fb0-e16be17ad1a1,2026-03-27 16:55:49.260023+00,04a04a9b-226c-43fd-b319-d5e89743676f,2,True,True,True
7fe46548-ee9b-4857-a0fe-9eda7d75d06f,2026-03-27 16:55:49.383864+00,2a649bb1-795f-4a01-b3be-9a01868dae73,2,False,False,False
af01e71a-7d79-4552-a896-52c35eed083f,2026-03-27 16:55:49.260023+00,87c610df-bef7-4932-b950-1d83ef4e282b,2,True,True,True
e0e77797-062e-4527-92d6-2d6707a888a5,2026-03-28 18:32:18.274996+00,0512426f-4d28-49f0-be77-06d05daec096,3,True,False,False
4734b5fc-cbe3-4fd3-8a7b-f9acbdd79194,2026-03-27 16:55:49.260023+00,9f41b083-683e-4dcf-9185-ccfeaa88fa45,2,True,True,True
8bebcace-d337-447b-8eb5-f38b052fd96e,2026-03-27 15:06:59.027593+00,a0068077-79f4-461a-adfe-75c1a4148545,1,True,True,True
4d0879c0-d806-4edc-8bd4-a6bbb7aab336,2026-04-09 15:35:03.888259+00,50ec8903-b81f-4257-9450-1085afd2c319,1,True,,True
285aaa1a-a424-4f76-a655-331bbd6ad6f8,2026-03-27 15:06:59.027593+00,7673d772-ef80-4f0f-a602-1bf4485c9b43,1,True,True,True
329d1242-438b-4b59-9382-f6d7dde341f7,2026-03-27 16:55:49.260023+00,544b7f0c-173a-4377-8d56-57b36eb26ddf,2,True,True,True
43582281-9434-4f67-bde4-bf76b5c152d5,2026-03-27 15:06:59.027593+00,cf106601-ab4f-4af9-b045-5295fe67b37d,1,True,True,True
20d9cb94-c652-462f-81f5-d6ffd87f2c62,2026-03-27 15:06:59.077039+00,4b6bb5f7-f634-410e-815d-e673ab7f8632,1,True,False,False
b6e888fb-d7dd-49bc-800a-4cc3f96ef359,2026-03-27 15:06:59.027593+00,935e2cff-ae78-4218-b3f5-115589b19dae,1,True,True,True
dc2f5059-bf72-4625-ace9-8abaef62eed0,2026-03-27 15:06:59.027593+00,23dd907f-1261-4488-b21c-e9185af91d5e,1,True,True,True
b31c585c-f754-4a43-be70-48aba2f7f740,2026-03-27 15:06:59.027593+00,7d4a7d1d-cac6-44a8-96e8-ea9584a70825,1,True,True,True
9fe78fd8-61db-408b-a973-a325d61d5da8,2026-03-27 16:55:49.260023+00,65638e28-7f37-4fa7-b7b9-8c19bb609879,2,True,True,True
172f0743-964a-4b63-b0d6-91b404e4adc7,2026-03-27 16:55:49.260023+00,73c1b9fe-ee1d-4cf4-96ca-35c08f97b054,2,True,True,True
ee3abb74-ca59-429c-a882-6e0937f642d1,2026-03-27 16:55:49.260023+00,ed58682d-bc52-4baa-9eb0-4eb81e1edacc,2,True,True,True
a62555de-8fa8-402a-ab83-5052dbc41077,2026-03-27 16:55:49.260023+00,0bb3b44a-ede5-4db5-a520-4e844b0079c5,2,True,True,True
d3d219ee-2880-4bf3-82aa-bab34b2092f0,2026-03-27 16:55:49.260023+00,7b5377b0-3f38-4103-8ad2-90fe89864c04,2,True,True,True
4ec1175a-7cbf-4375-8c39-1e09a780a25a,2026-03-28 18:32:18.274996+00,00d579ea-0889-4fd9-a771-2c8d79835c8d,3,True,False,False
2f457837-2aa9-414b-8d13-f9ed3e3d4753,2026-03-27 15:06:59.027593+00,6f37996b-2ac7-44b0-8e68-6d28256631b4,1,True,True,True
34ab21de-526a-4341-9663-78f0561b464d,2026-03-28 18:32:18.274996+00,50f58759-7bd6-406f-9b0d-5692beb2a926,3,False,False,False
5e45d3b0-24f9-40f5-b3a7-3ee433862583,2026-03-27 16:55:49.260023+00,3627a8be-a77f-41bb-b807-7e1bd4c0ebdf,2,True,True,True
6d7865e0-fc43-4964-bfe3-ff2fa6212350,2026-03-28 18:32:18.274996+00,851e570a-e3de-4d84-bcfa-cc85578baa59,3,True,False,False
c7eded7f-3bfd-4ee0-8b56-47209e771ec4,2026-04-09 17:54:45.404077+00,935e2cff-ae78-4218-b3f5-115589b19dae,1,True,,True
7271178d-ab7d-4c2f-b8e4-f169afd4b8aa,2026-03-27 16:55:49.260023+00,0ff53813-3367-4f43-bcbd-3fd725c1bf4b,2,True,True,True
478354eb-6611-46a1-9ff9-d5d6d1561def,2026-03-27 16:55:49.260023+00,1dcc160f-c187-48c2-b68e-319bd4354f3d,2,True,True,True
c88e08b7-06c9-4cbc-a10f-a15e38532c53,2026-03-27 16:55:49.260023+00,853c8244-429e-46ca-89f2-addf40dfb2bd,2,True,True,True
676a18dd-319d-4b91-80e6-774de41208cd,2026-03-27 15:06:59.027593+00,11af4e1a-5f45-467d-9aeb-46f4bb0bf034,1,True,True,True
414ba12c-3474-4668-a926-893417037d6b,2026-03-27 16:55:49.260023+00,e0c10771-d627-4fd7-9694-05348e54ee36,2,True,True,True
69ea3af2-1996-4a70-b428-90c9401a6155,2026-03-28 18:32:18.205536+00,e961a717-6b25-4175-8a68-874d28190ee4,3,True,True,True
42dc68d3-63d8-4878-85b0-a54059f56675,2026-03-27 16:55:49.260023+00,a56f1527-3abf-41d6-91f8-7296d6336c3f,2,True,True,True
d14075d3-1245-4523-8624-13aed2154691,2026-04-09 17:54:45.404077+00,6f37996b-2ac7-44b0-8e68-6d28256631b4,1,True,,True
8df2a5d5-8f01-4986-9cb6-645e65b897ff,2026-04-09 17:54:45.404077+00,11af4e1a-5f45-467d-9aeb-46f4bb0bf034,1,True,,True
8c185ca3-995c-42dd-9b3b-84ad3e200f79,2026-03-28 18:32:18.205536+00,676e5e31-a554-4acc-9286-b60d90a92d26,3,True,True,True
72927d1d-c632-4fc9-a4d2-0343dcb7101e,2026-03-28 18:32:18.274996+00,9e1fc53b-46ff-49a1-9d05-9e6faac34cc5,3,True,False,False
c15f81d8-ce6f-4ffc-a423-3b0a6c0f625d,2026-03-27 16:55:49.260023+00,ad37a656-079a-49f9-a493-7b739c9167d1,2,True,True,True
8773fc93-243e-4d9f-9b46-6b78f6abb827,2026-03-27 16:55:49.260023+00,20194330-9976-4043-8632-f8485c6c71b2,2,True,True,True
0ae07e14-6536-4dd8-8e1a-21461e9debec,2026-03-27 16:55:49.383864+00,ded28325-3447-4c56-860f-e497d6fb3577,2,True,False,False
5ceae4cb-2e7b-46a0-9abd-5ca0d50bb207,2026-03-27 15:06:59.027593+00,d0633230-7067-47a9-9dbf-ee11e0a2cdd6,1,True,True,True
bd3e192c-0060-4e13-82c5-a20920663f7f,2026-03-27 16:55:49.260023+00,56137764-b4e0-45b8-9c52-1866420c3df5,2,True,True,True
57e55d71-8632-46c0-914d-12c6d10bd199,2026-03-27 16:55:49.383864+00,dd3c7503-f62a-4bd0-9f67-1b63b94194cc,2,True,False,False
8b12bb75-06fe-46f3-b260-c056d2d20d2e,2026-03-27 16:55:49.260023+00,42d4198c-5895-4f0a-b0c0-424a66465d83,2,True,True,True
d3220826-dc55-4271-b862-51f309913dc9,2026-03-27 16:55:49.260023+00,c61d22de-5f6c-4958-a7f6-5e9707bd3466,2,True,True,True
646ff408-eafa-42c5-aeac-57e2c9af8e1f,2026-03-28 18:32:18.205536+00,de9887f5-ead8-4727-876f-5a4078f8598c,3,True,True,True
a8761d28-bd71-43cc-82d0-53f9d40ac042,2026-03-27 16:55:49.260023+00,17b5a6a3-bc87-42e8-b0fb-6ab0781ef2cc,2,True,True,True
5d05b914-dd9f-407f-80b8-7d29e6f30dad,2026-03-28 18:32:18.274996+00,ebbc1f13-d24d-40df-9068-adcf735b4240,3,True,False,False
1e5e4dad-1c26-41d0-8d89-78657509b961,2026-03-27 16:55:49.260023+00,e8cb5b03-41e0-4086-99e5-f6806cd97211,2,True,True,True
0401cb31-a6bc-4fe3-a354-1e7e76ea3316,2026-03-27 16:55:49.260023+00,f2feb6a4-363c-4c09-a804-0db564eafd68,2,True,True,True
691efbbc-233d-4d36-a1d2-37be5580a717,2026-03-27 16:55:49.260023+00,db4fd70a-2d37-40ea-873f-9433dc5e301f,2,True,True,True
8b42e007-0305-4490-b0ec-8332e81d0aff,2026-03-27 16:55:49.383864+00,0b260a57-3f3a-4405-9f29-6d7a1012dbfb,2,True,False,False
5c64614a-db52-41be-b362-7949ab50ae6b,2026-03-28 18:32:18.205536+00,ad2b4d70-9314-4fe6-bfbe-894a45f6055f,3,True,True,True
6bf20094-2e25-4cb3-979d-75fa3119ee59,2026-03-27 15:06:59.027593+00,b816bfce-3d80-4913-a07d-69b752ce6377,1,True,True,True
ddd77ee8-84f5-471d-ac5d-c8acb38da478,2026-03-27 15:06:59.077039+00,ec09fa32-d03f-4bf8-84b0-1f16922c3ae4,1,True,False,False
7b6855ae-f6ca-4551-9f99-507793d2ab54,2026-03-27 16:55:49.260023+00,e4e91f1c-1dcd-439e-9fdd-cb976f5293fd,2,True,True,True
562ba9ea-e3bf-4f66-90ea-e0bf82998954,2026-03-27 16:55:49.260023+00,08f3a05f-5947-4089-a4c4-d4bcfaa6b7a0,2,True,True,True
544d4e88-a0bf-4c4d-be54-5f865fee003a,2026-03-27 16:55:49.260023+00,71345b0a-9c7d-4b50-b2bf-937ec5879845,2,True,True,True
15874ac7-aaa5-43d0-9bb7-31580cb7a6ac,2026-03-28 18:32:18.274996+00,384d0dd8-e8a4-4cfe-963c-d37f256e7662,3,False,False,False
e2517fc1-2af0-43e6-be88-18f7a2364126,2026-03-27 16:55:49.260023+00,33d8ea3b-6c6b-4ff1-803d-7e270dea8a57,2,True,True,True
dbd05f4b-8030-4095-b832-cd9a63735944,2026-03-27 16:55:49.383864+00,f0f46385-fc03-4599-b5d3-f56496c3e69f,2,True,False,False
b915babc-cb13-4f5a-bb0d-8e90aaa57def,2026-03-27 15:06:59.077039+00,c365c1c7-a3db-4d5e-a9a1-66f56eae7865,1,True,False,False
29f2c876-9ce4-4cb5-9dd5-3ba01702519d,2026-03-27 16:55:49.260023+00,f46b4380-207e-4434-820b-f32ce04ae2a4,2,True,True,True
459d8ea8-3fbf-45a1-8786-eedb91533922,2026-03-28 18:32:18.205536+00,56db2318-640f-477a-a82f-bc93ad13e882,3,True,True,True
af724161-4d7c-4c8f-8a2d-6db90479b943,2026-04-09 17:54:45.404077+00,c365c1c7-a3db-4d5e-a9a1-66f56eae7865,1,True,,True
f5738596-d697-4423-8cb2-348a49ee6898,2026-03-27 15:06:59.027593+00,dc22a632-937f-4e6a-b72f-ba0ff3f5ff97,1,True,True,True
79a58139-e260-48c3-940f-cfcfa65038ce,2026-03-27 16:55:49.260023+00,023e9d44-96ae-4eed-b912-244ee8c3b994,2,True,True,True
2d837282-1da5-4fbb-b74f-b99b5dde6a95,2026-03-27 16:55:49.383864+00,e29834fd-413a-455c-a33e-c3915b07401c,2,True,False,False
a3d3299f-f780-43d9-b5cf-bd3b6f8eb463,2026-03-28 18:32:18.274996+00,72c06643-a2fa-4186-aa5c-9ec33ae9b445,3,False,False,False
633f7648-9a37-4549-a499-3e407ba49a88,2026-03-27 16:55:49.383864+00,16d825ff-1623-4176-a5b5-42e0f5c2b0ac,2,True,False,False
0548db52-b805-4722-92e5-ec9d90352df2,2026-03-27 16:55:49.383864+00,7a4a336d-dcfa-45a0-b014-824c7619e8de,2,True,False,False
c5d9bd33-e935-483f-8cf1-e179f0dca86b,2026-03-27 16:55:49.383864+00,6b078778-0b90-464d-83f6-59511c811b01,2,True,False,False
2ce17234-c1e8-43da-a256-66905d3ff6eb,2026-03-27 16:55:49.383864+00,2dfc4c37-fec1-4518-84a7-10095d30ad75,2,True,False,False
808bcd99-02d8-41c4-9cc4-ebccb11f4e3e,2026-04-10 20:45:55.986173+00,d0633230-7067-47a9-9dbf-ee11e0a2cdd6,1,True,,True
531d7f2d-e5eb-43d1-97ea-1342d0cbc38b,2026-03-27 16:55:49.383864+00,0a3cd321-3e76-4622-911b-0fda2e5d6b1a,2,True,False,False
787c5ea0-1c2a-4091-80e3-1ba8a08574d1,2026-03-27 16:55:49.260023+00,d1af70ea-a9a4-421a-b9cc-94b5e02f1788,2,True,True,True
6b85788a-b5b4-43cb-a171-b9f0a87f119e,2026-03-27 15:06:59.027593+00,c714ab3a-da30-4603-bacd-d008800188b9,1,True,True,True
640126a2-a201-46b1-aba7-21bdb8dc58bb,2026-03-27 15:06:59.027593+00,27d5d136-8563-469e-92bf-fd103c28b57c,1,True,True,True
5475b8d4-77e5-438d-b4cd-b130741a685f,2026-03-27 16:55:49.260023+00,08c0b6e9-1b43-4c2e-ae55-4e3fce2c2715,2,True,True,True
2649e3a5-ba48-4552-863a-ba26738b99d2,2026-03-27 15:06:59.027593+00,42576abe-0deb-4869-8c63-225c2d75a95a,1,True,True,True
eb984579-334f-45c6-982b-25912fe118bc,2026-03-27 15:06:59.027593+00,dc28cf18-6431-458b-83ef-64b3ce566c10,1,True,True,True
30389c5a-7532-4fe2-9c07-9ce3c3eb13be,2026-03-27 15:06:59.027593+00,50ec8903-b81f-4257-9450-1085afd2c319,1,True,True,True
fcfc1f39-a207-42cb-b3d7-31ba842c5634,2026-03-28 18:32:18.205536+00,8131e2c0-0083-4265-9ce7-78c2d568425d,3,True,True,True
f5a38fe5-2530-476d-ba60-fdb3fb3b7273,2026-03-28 18:32:18.205536+00,c3a79cfe-8206-451f-aca8-3fec8ebe51d3,3,True,True,True
07e28915-6e4c-4d0f-ba8c-f6d6fc2f42d1,2026-03-27 16:55:49.260023+00,a26649c6-1cb2-470a-871e-6910c64c3e53,2,True,True,True
285b4dcb-0610-4822-91bf-2392706f9fdb,2026-03-27 16:55:49.260023+00,c8b7e059-c60d-472e-ad64-3b04ae1166dc,2,True,True,True
262734d2-702a-4022-8be8-86bc7e9f65e0,2026-03-27 15:06:59.027593+00,3cef3a44-215e-4aed-8e3b-b1e3f08063b7,1,True,True,True
796e60c7-6698-4264-a137-a8805480d45b,2026-03-28 18:32:18.274996+00,5f982798-16b9-4051-ab57-cfc7ebdb2a91,3,False,False,False
d48da757-a6e8-4fdf-9fa1-11f1a95d8a86,2026-04-10 23:08:29.454637+00,0383a3ee-47a7-41a4-b493-519bdefe0488,1,True,,True
ab4e18ed-50bf-4e0b-9072-6297bcf4e1ba,2026-03-28 18:32:18.205536+00,872bfbb1-9ccf-49f6-8c5f-aa22818ccd66,3,True,True,True
3b84056a-792b-4df1-8a8f-1187d9d50de0,2026-03-27 16:55:49.260023+00,0a65cb96-cb6e-4a6a-8aae-c1084f613456,2,True,True,True
4a0afc6d-a161-4032-9fe5-edb2eea98cc8,2026-03-27 15:06:59.077039+00,e142056d-56ab-4352-b091-b56054bd1359,1,True,False,False
24b00361-c5bb-4adb-90ac-c1c90ee281ab,2026-03-27 16:55:49.260023+00,d5141ca5-e7a0-469f-bf3e-e773507c86e2,2,True,True,True
309d4b0f-fc2a-4aa9-8d46-c975139c6114,2026-04-09 15:35:03.888259+00,3cef3a44-215e-4aed-8e3b-b1e3f08063b7,1,True,,True
e2c1f7a6-3c6f-4ebc-be73-0ecf716bb9f9,2026-04-09 15:35:04.087321+00,cca530fc-4052-43b2-b130-b30968d8aa44,1,True,,False
2de07e34-c1c4-4326-8f42-b31d76e68595,2026-04-09 15:35:04.087321+00,9318445f-fe6a-4e1b-acbf-c68228c9906a,1,True,,False
3435516c-38a3-4e4b-92c7-cb33b3422e5e,2026-03-27 16:55:49.260023+00,65da0822-a48a-4a68-bbad-8ed1b835a834,2,True,True,True
53ef965f-68af-44d8-8877-fcecca1e43ab,2026-03-28 18:32:18.205536+00,0bdb7c40-671d-4ad1-9ce3-986b159c0ddc,3,True,True,True
24d02d8f-af55-4298-97a8-ae83dc3cff6f,2026-03-27 16:55:49.260023+00,e2d69698-bc99-4e85-9880-67eaccd66e6c,2,True,True,True
0661c3ab-7ac3-434e-81a3-08f88cdc5275,2026-04-09 15:35:04.087321+00,72e110e7-464c-453c-a309-90a95aed6538,1,True,,False
ea3a379f-932d-4b05-bf14-25e88ed95392,2026-04-09 15:35:04.087321+00,bda648d7-d618-4883-88f4-3466eabd860e,1,False,,False
6b0d5625-9446-4bf9-8048-4e1d72735c35,2026-04-09 15:35:04.087321+00,46719c30-f4c3-4cad-be07-d5cb21eee6bb,1,True,,False
04669c44-124e-416c-ae6d-99fab93e13cc,2026-04-09 15:35:04.087321+00,e142056d-56ab-4352-b091-b56054bd1359,1,True,,False
1af06e6e-f810-4e25-bd67-9c498ec23962,2026-04-09 17:54:45.404077+00,a3fbeb63-0e8c-4a11-bff6-0e3b484c3e9c,1,True,,True
0c87d504-8ff7-4586-90d4-5ffd641b5f8b,2026-04-09 17:54:45.404077+00,5cfb274c-0207-4aa7-9575-6ac0bd95d9b2,1,True,,True
3a592c9a-ba83-447b-b632-dfd6ee1e6ac5,2026-04-09 17:54:45.404077+00,cffe0e32-c9a6-4c52-9877-78ceb4aaa9fb,1,True,,True
23a39d7b-7835-466c-9823-2105913ad0e2,2026-04-09 17:54:45.404077+00,389793a7-ca17-4e82-81cb-2b3a2391b4b9,1,True,,True
f784bdd1-968d-4056-8de7-22b9ad429492,2026-04-09 17:54:45.404077+00,99c9cc74-fdc8-46c6-8f8d-3ce2d3bfeea3,1,True,,True
c6812abf-58ed-41be-9a4b-21ecbbbfb265,2026-04-09 17:54:45.404077+00,1f975693-876d-457b-a649-393859e79bf3,1,True,,True
5105343a-f3fb-4017-ad28-5a25bfd449e0,2026-04-09 17:54:45.404077+00,2d83110e-a098-4ebb-9987-066c06fa42d0,1,True,,True
c50affaa-6e0d-4229-b0f2-6d135c24ddb6,2026-04-09 17:54:45.404077+00,4b650a35-8529-4695-89ed-8dc7a500a498,1,True,,True
0114f30b-26ee-48a1-bd88-96ac539a1b85,2026-04-09 17:54:45.404077+00,8e867cd7-cff9-4e6c-867a-ff5ddc2550be,1,True,,True
f7cd3d71-5f2b-4532-b92c-516f6d6db920,2026-04-09 17:54:45.404077+00,840bfca7-4f7b-481a-8794-c560c340185d,1,True,,True
193c8b9a-8ebc-4aad-a1f6-db2d6ca855b2,2026-04-09 17:54:45.404077+00,a1e91b78-d3d8-4675-bb8d-62741b4b68a6,1,True,,True
6e7377d8-58e1-42ff-a424-54ca4511511b,2026-04-09 17:54:45.404077+00,4fc2f1ae-8625-45b5-ab34-ad4433bc21f8,1,True,,True
66d4d957-0927-4d80-96b1-b88090a7f0c2,2026-04-09 17:54:45.404077+00,9d191bce-651d-4746-be2d-7ef8ecadb9c2,1,True,,True
e305df95-7a72-4cb9-a36e-2d4084fd3587,2026-04-09 17:54:45.404077+00,bda648d7-d618-4883-88f4-3466eabd860e,1,True,,True
46a3acd5-76ad-45f6-a1bc-41dd0330ba2d,2026-04-09 17:54:45.404077+00,cabe07ed-9eca-40ea-8ead-410ef5e83f91,1,True,,True
6fab2009-92c2-49a0-8935-1698c98468ba,2026-04-09 17:54:45.404077+00,cf106601-ab4f-4af9-b045-5295fe67b37d,1,True,,True
b2bb233a-d278-4b42-956e-ffe54e2f8b10,2026-04-09 17:54:45.404077+00,dc22a632-937f-4e6a-b72f-ba0ff3f5ff97,1,True,,True
4917cf3a-f601-4bf6-918c-a8887c49b872,2026-04-09 17:54:45.404077+00,c714ab3a-da30-4603-bacd-d008800188b9,1,True,,True
ef55c7a8-b234-41ca-9952-2fbcccc7b0b1,2026-04-09 17:54:45.404077+00,27d5d136-8563-469e-92bf-fd103c28b57c,1,True,,True
13fdd4a6-c770-4416-9cc3-6e8d98c32c4f,2026-04-09 17:54:45.404077+00,42576abe-0deb-4869-8c63-225c2d75a95a,1,True,,True
879fdbdb-98cb-4686-afd3-65d1c4daa647,2026-04-09 17:54:45.404077+00,dc28cf18-6431-458b-83ef-64b3ce566c10,1,True,,True
583939ae-da5d-4ed0-9044-f379f0ededf0,2026-04-09 17:54:45.404077+00,50ec8903-b81f-4257-9450-1085afd2c319,1,True,,True
879032a0-d58a-4621-94f6-9eb7716eae05,2026-04-09 17:54:45.537109+00,46719c30-f4c3-4cad-be07-d5cb21eee6bb,1,True,,False
ca21b213-a20b-4414-953f-70535e228507,2026-04-09 17:54:45.404077+00,3cef3a44-215e-4aed-8e3b-b1e3f08063b7,1,True,,True
98280b79-f708-4ea5-8c5b-780602053033,2026-04-09 17:54:45.537109+00,cca530fc-4052-43b2-b130-b30968d8aa44,1,False,,False
fc07895a-77c9-4c61-9d3d-4be944993361,2026-04-09 17:54:45.537109+00,9318445f-fe6a-4e1b-acbf-c68228c9906a,1,True,,False
2fa108cb-016e-47f2-9b59-9801365204b8,2026-04-09 17:54:45.537109+00,50ad0280-0819-4bd9-b275-5de32d3b5bcb,1,False,,False
d2a67dfe-c89b-4f58-bf71-12edb514ae8b,2026-04-09 17:54:45.537109+00,3f57289b-8c60-48be-bd80-01f8099ca449,1,True,,False
3fc28b39-5409-45f7-a1c6-841d1bb8560d,2026-04-09 17:54:45.537109+00,72e110e7-464c-453c-a309-90a95aed6538,1,True,,False
d59815f9-4a3a-476b-b316-4c8a141a10f2,2026-04-09 17:54:45.537109+00,5a0c1adf-205e-4841-a666-7c3ef95def9d,1,True,,False
ba4d39b1-9fd8-4a7e-834e-12ec42a6cdd6,2026-04-09 17:54:45.537109+00,0383a3ee-47a7-41a4-b493-519bdefe0488,1,True,,False
e7dada45-c31c-4cc8-ac39-11f2ca3b6b0f,2026-04-09 17:54:45.537109+00,e1fc63a2-da7a-432f-be78-7c4a95598703,1,False,,False
63f37057-e0a8-4993-b82c-754eff6331e1,2026-04-09 17:54:45.537109+00,305ac316-eef6-4446-960a-92d80d542f82,1,True,,False
0d0b5834-7141-42e5-99c9-ee739f524f8e,2026-04-09 17:54:45.537109+00,b415aba4-4b68-4fc6-9b89-2c812e55a3e1,1,True,,False
a280cbdb-66ff-429f-878c-3173648d558b,2026-04-09 17:54:45.537109+00,5d0080cb-90d7-4712-bc33-848150e917d3,1,True,,False
5e95759a-df85-4adf-aa8f-91610d29d058,2026-04-09 17:54:45.537109+00,5188369a-3bbe-43d8-8b94-11558f909a08,1,True,,False
f80965a5-bd00-4636-aa6c-ed039a175335,2026-04-09 17:54:45.537109+00,7673d772-ef80-4f0f-a602-1bf4485c9b43,1,True,,False
c2579ee5-52f7-49ae-ae76-1c97c52360d9,2026-04-09 17:54:45.537109+00,23dd907f-1261-4488-b21c-e9185af91d5e,1,True,,False
2538c4b8-769a-4315-a44a-1b5e970b645c,2026-04-09 17:54:45.537109+00,7d4a7d1d-cac6-44a8-96e8-ea9584a70825,1,True,,False
e3257d7f-e3c2-40c4-99e2-80aac1085989,2026-04-09 17:54:45.537109+00,d0633230-7067-47a9-9dbf-ee11e0a2cdd6,1,False,,False
ed048573-d7db-4e34-851a-fb4d6d166a3e,2026-04-09 17:54:45.537109+00,b816bfce-3d80-4913-a07d-69b752ce6377,1,True,,False
75d8ef4a-ad63-467a-8757-dce97bb15022,2026-04-09 17:54:45.537109+00,ec09fa32-d03f-4bf8-84b0-1f16922c3ae4,1,True,,False
912de46e-7a32-4d31-a359-385f0fd57973,2026-04-09 17:54:45.537109+00,a0c07678-e491-4bbc-8f0b-07405144218f,1,True,,False
1418fcb8-7a8b-4ceb-851e-f3bdf80e7a4a,2026-04-10 16:28:26.89189+00,65afbc8a-89ca-4ad5-8d62-355bb401f61d,1,True,,True
542836b3-301a-49db-8719-f39faf89aa4f,2026-04-10 16:28:26.89189+00,7bd855d8-463d-4ed5-93ca-5fe35145f733,1,True,,True
ef10372d-9d89-4d11-b5d9-a598dbab510e,2026-04-09 17:54:45.537109+00,e142056d-56ab-4352-b091-b56054bd1359,1,True,,False
a3775aa2-a3d5-4e1d-87f8-4264e82f7dfd,2026-04-10 16:28:26.89189+00,a3fbeb63-0e8c-4a11-bff6-0e3b484c3e9c,1,True,,True
9e20a942-be41-4006-af3b-a45e90bc9872,2026-04-10 16:28:26.89189+00,5cfb274c-0207-4aa7-9575-6ac0bd95d9b2,1,True,,True
59a70389-e2ff-4cb0-9f4f-74a4116d9566,2026-04-10 16:28:26.89189+00,cffe0e32-c9a6-4c52-9877-78ceb4aaa9fb,1,True,,True
910ff903-9e5c-4048-87c8-f55bcf20bb12,2026-04-10 16:28:26.89189+00,389793a7-ca17-4e82-81cb-2b3a2391b4b9,1,True,,True
3b4b3086-a5b9-4cdc-8bf0-87134e79a492,2026-04-10 16:28:26.89189+00,99c9cc74-fdc8-46c6-8f8d-3ce2d3bfeea3,1,True,,True
e7806696-b624-460b-bd6b-552531fc94bd,2026-04-10 16:28:26.89189+00,cf106601-ab4f-4af9-b045-5295fe67b37d,1,True,,True
47c383ee-d236-4742-b2df-f4b5b8071df1,2026-04-10 16:28:26.89189+00,935e2cff-ae78-4218-b3f5-115589b19dae,1,True,,True
14916a8e-a833-4dda-92a9-3dd5f82241ef,2026-04-10 16:28:26.89189+00,1f975693-876d-457b-a649-393859e79bf3,1,True,,True
c66b0b80-3d59-486e-8c9a-a27cadb8bb96,2026-04-10 16:28:26.89189+00,2d83110e-a098-4ebb-9987-066c06fa42d0,1,True,,True
542d2fef-7200-478a-a3fa-6962f4347f59,2026-04-10 16:28:26.89189+00,4b650a35-8529-4695-89ed-8dc7a500a498,1,True,,True
02a9bb70-bc07-48d9-bfb1-802fb595e686,2026-04-10 16:28:26.89189+00,8e867cd7-cff9-4e6c-867a-ff5ddc2550be,1,True,,True
571a68d7-7847-4ce7-b10a-1f609753a9ef,2026-04-10 16:28:26.89189+00,840bfca7-4f7b-481a-8794-c560c340185d,1,True,,True
e85579ba-7bff-4a92-a94d-762792bf17a0,2026-04-10 16:28:26.89189+00,5a0c1adf-205e-4841-a666-7c3ef95def9d,1,True,,True
0d64925c-5e66-4c9a-883f-a8c25a6b86a4,2026-04-10 16:28:26.89189+00,e1fc63a2-da7a-432f-be78-7c4a95598703,1,True,,True
d965c04d-1a83-4ef3-aab2-589942c4ba2f,2026-04-10 16:28:26.89189+00,4fc2f1ae-8625-45b5-ab34-ad4433bc21f8,1,True,,True
3e3749b8-dbbe-46f3-a7e5-e78ea5de1d8b,2026-04-10 16:28:26.89189+00,9d191bce-651d-4746-be2d-7ef8ecadb9c2,1,True,,True
f729134f-9d18-4e62-9e9e-1d839a5b823d,2026-04-10 16:28:26.89189+00,bda648d7-d618-4883-88f4-3466eabd860e,1,True,,True
1ae2d8f6-a60e-4f9d-894c-b0cf6f122439,2026-04-10 16:28:26.89189+00,6f37996b-2ac7-44b0-8e68-6d28256631b4,1,True,,True
18150a11-3d92-46a4-89f1-c4a8ba414d50,2026-04-10 16:28:26.89189+00,11af4e1a-5f45-467d-9aeb-46f4bb0bf034,1,True,,True
b4d510d6-7585-4c1c-b0db-e0bca3bc5330,2026-04-10 16:28:26.89189+00,c714ab3a-da30-4603-bacd-d008800188b9,1,True,,True
c60bc7c8-79b1-4387-9362-e80e9e287a63,2026-04-10 16:28:26.89189+00,27d5d136-8563-469e-92bf-fd103c28b57c,1,True,,True
7111bbc9-c82d-4970-9bc7-4f28221a1c5d,2026-04-10 16:28:26.89189+00,42576abe-0deb-4869-8c63-225c2d75a95a,1,True,,True
bb168fc4-c9a3-4fed-af95-a8bf9e3b5987,2026-04-10 16:28:26.89189+00,dc28cf18-6431-458b-83ef-64b3ce566c10,1,True,,True
2e23ffd4-6b02-4238-bd01-055df3feb026,2026-04-10 16:28:26.89189+00,3cef3a44-215e-4aed-8e3b-b1e3f08063b7,1,True,,True
00d3b5b2-dfc2-4157-9899-29c54ebeba7d,2026-04-10 16:28:27.031877+00,a0068077-79f4-461a-adfe-75c1a4148545,1,True,,False
529169c9-c6ad-4827-841d-1b1a481c8cc0,2026-04-10 16:28:27.031877+00,cca530fc-4052-43b2-b130-b30968d8aa44,1,True,,False
2489ef7f-6368-4cfc-b4a9-e5fffb4e6842,2026-04-10 16:28:27.031877+00,9318445f-fe6a-4e1b-acbf-c68228c9906a,1,True,,False
3a6c9837-4b24-4928-b2ed-b88d7e423a1e,2026-04-10 16:28:27.031877+00,50ad0280-0819-4bd9-b275-5de32d3b5bcb,1,False,,False
71270bcf-18da-414d-865b-9cb703570840,2026-04-10 16:28:27.031877+00,3f57289b-8c60-48be-bd80-01f8099ca449,1,True,,False
de0d8f5d-c04a-4f74-838c-af3c0c77a99b,2026-04-10 16:28:27.031877+00,72e110e7-464c-453c-a309-90a95aed6538,1,True,,False
2724a853-563f-4c24-9760-8bb1c07cd080,2026-04-10 16:28:27.031877+00,a1e91b78-d3d8-4675-bb8d-62741b4b68a6,1,False,,False
ffbdd1f1-b319-4698-ae05-7e3512c23f53,2026-04-10 16:28:27.031877+00,0383a3ee-47a7-41a4-b493-519bdefe0488,1,True,,False
df762d54-ba7a-4736-ae02-10447fdda4af,2026-04-10 16:28:27.031877+00,305ac316-eef6-4446-960a-92d80d542f82,1,True,,False
a2a4777c-05bc-4798-b958-e2bd21d07aa2,2026-04-10 16:28:27.031877+00,b415aba4-4b68-4fc6-9b89-2c812e55a3e1,1,True,,False
03066b4e-a060-465e-8255-f4ed04fef748,2026-04-10 16:28:27.031877+00,cabe07ed-9eca-40ea-8ead-410ef5e83f91,1,True,,False
0c8611e1-7399-48d3-8dbb-d8c8a9478b89,2026-04-10 16:28:27.031877+00,5d0080cb-90d7-4712-bc33-848150e917d3,1,True,,False
b250c044-1c5a-4a10-b552-0d6f1d918c4f,2026-04-10 16:28:27.031877+00,46719c30-f4c3-4cad-be07-d5cb21eee6bb,1,False,,False
1f142b98-e1d2-4b99-b5b5-4b651cf5059e,2026-04-10 16:28:27.031877+00,5188369a-3bbe-43d8-8b94-11558f909a08,1,True,,False
10404872-657d-4112-8ff7-6ba846642b23,2026-04-10 16:28:27.031877+00,7673d772-ef80-4f0f-a602-1bf4485c9b43,1,True,,False
d407c0db-0f24-4f2a-b576-4f652048711f,2026-04-10 16:28:27.031877+00,4b6bb5f7-f634-410e-815d-e673ab7f8632,1,True,,False
896864f2-efe9-4e70-a100-2e91f6b26543,2026-04-10 16:28:27.031877+00,23dd907f-1261-4488-b21c-e9185af91d5e,1,True,,False
e1d82ccd-be0e-4e25-8106-b963f7efbdf7,2026-04-10 16:28:27.031877+00,7d4a7d1d-cac6-44a8-96e8-ea9584a70825,1,True,,False
90909267-588b-43ea-91b0-37139bebcf41,2026-04-10 16:28:27.031877+00,d0633230-7067-47a9-9dbf-ee11e0a2cdd6,1,True,,False
df798837-b258-49b7-a94b-384dcb2a8d2f,2026-04-10 16:28:27.031877+00,b816bfce-3d80-4913-a07d-69b752ce6377,1,True,,False
e85bbdcc-4e5f-4a94-b00d-5d51fdd07df4,2026-04-10 16:28:27.031877+00,ec09fa32-d03f-4bf8-84b0-1f16922c3ae4,1,True,,False
4105e921-59b0-4aca-8f46-79f8397429a8,2026-04-10 16:28:27.031877+00,c365c1c7-a3db-4d5e-a9a1-66f56eae7865,1,True,,False
622efee1-8422-4c05-b958-40bae362895a,2026-04-10 20:45:55.986173+00,50ad0280-0819-4bd9-b275-5de32d3b5bcb,1,True,,True
1a1ba197-e74d-4e69-9f29-1643c0a5fa21,2026-04-10 16:28:27.031877+00,dc22a632-937f-4e6a-b72f-ba0ff3f5ff97,1,True,,False
0b9a32bf-b2fe-4975-b900-051c2adad303,2026-04-10 16:28:27.031877+00,a0c07678-e491-4bbc-8f0b-07405144218f,1,True,,False
247acaef-7cf0-42b0-82f4-6bb0fcd3de47,2026-04-10 16:28:27.031877+00,50ec8903-b81f-4257-9450-1085afd2c319,1,True,,False
188fda2f-b29a-4288-97fe-41e878c2b6da,2026-04-10 16:28:27.031877+00,e142056d-56ab-4352-b091-b56054bd1359,1,True,,False
5dd1d90f-6067-490f-a101-c2cfead5f35e,2026-04-10 20:45:55.986173+00,f918266a-b3e0-4914-865d-4faa564f1aef,1,True,,True
491ca267-d46d-4444-a2ae-3217660ae6d2,2026-04-10 20:45:55.986173+00,7bd855d8-463d-4ed5-93ca-5fe35145f733,1,True,,True
8cbc9bee-cd90-436f-9469-dd3e93859069,2026-04-10 20:45:55.986173+00,a3fbeb63-0e8c-4a11-bff6-0e3b484c3e9c,1,True,,True
2ef73beb-52f6-468b-94db-a6627f6e3cef,2026-04-10 23:08:29.454637+00,305ac316-eef6-4446-960a-92d80d542f82,1,True,,True
cfc9d250-4864-4cd7-b6fe-83bbfeb96e46,2026-04-10 20:45:55.986173+00,5cfb274c-0207-4aa7-9575-6ac0bd95d9b2,1,True,,True
b71318b8-7957-4013-b049-11a3a548780a,2026-04-10 20:45:55.986173+00,cffe0e32-c9a6-4c52-9877-78ceb4aaa9fb,1,True,,True
65c6e527-f60d-4d9b-919f-ff9046abdcbe,2026-04-10 20:45:55.986173+00,389793a7-ca17-4e82-81cb-2b3a2391b4b9,1,True,,True
4b0e6ce4-bfd6-4cb2-89de-1028f658f1b4,2026-04-10 20:45:55.986173+00,99c9cc74-fdc8-46c6-8f8d-3ce2d3bfeea3,1,True,,True
c9e5efc6-9842-4a2c-a98c-2437b0d15e25,2026-04-10 20:45:55.986173+00,1f975693-876d-457b-a649-393859e79bf3,1,True,,True
370cd366-29d5-4fbe-9c46-fb83a6edc0d1,2026-04-10 20:45:55.986173+00,2d83110e-a098-4ebb-9987-066c06fa42d0,1,True,,True
61368000-1e90-4bb1-8194-954c16890176,2026-04-10 20:45:55.986173+00,4b650a35-8529-4695-89ed-8dc7a500a498,1,True,,True
13a5389d-b239-4c70-b222-507c1b7794fa,2026-04-10 20:45:55.986173+00,8e867cd7-cff9-4e6c-867a-ff5ddc2550be,1,True,,True
9f2f79fd-cd8f-402b-a40a-3fa05cdae5e3,2026-04-10 20:45:55.986173+00,840bfca7-4f7b-481a-8794-c560c340185d,1,True,,True
51f17298-37b9-4d52-8777-6cc10ea4c2dc,2026-04-10 20:45:55.986173+00,3f57289b-8c60-48be-bd80-01f8099ca449,1,True,,True
46f2243f-e588-4d89-bf17-277c784cb811,2026-04-10 20:45:55.986173+00,a1e91b78-d3d8-4675-bb8d-62741b4b68a6,1,True,,True
86584b1d-c3ee-4ca0-a184-a37dcbceaff1,2026-04-10 20:45:55.986173+00,5a0c1adf-205e-4841-a666-7c3ef95def9d,1,True,,True
457e80b8-d708-4f85-955c-204e4ca04938,2026-04-10 20:45:55.986173+00,0383a3ee-47a7-41a4-b493-519bdefe0488,1,True,,True
41930bcf-0296-4595-b148-1596a4234a25,2026-04-10 20:45:55.986173+00,e1fc63a2-da7a-432f-be78-7c4a95598703,1,True,,True
a0492063-84a7-43a9-bde0-7619d63606ee,2026-04-10 20:45:55.986173+00,305ac316-eef6-4446-960a-92d80d542f82,1,True,,True
f1576f61-92a7-4333-834b-9311058fda85,2026-04-10 20:45:55.986173+00,4fc2f1ae-8625-45b5-ab34-ad4433bc21f8,1,True,,True
9f2e6353-df4a-4fda-bafa-57e70eba6b3b,2026-04-10 23:08:29.454637+00,4fc2f1ae-8625-45b5-ab34-ad4433bc21f8,1,True,,True
8911277d-6aab-4f79-ab1d-9e1803881973,2026-04-10 20:45:55.986173+00,bda648d7-d618-4883-88f4-3466eabd860e,1,True,,True
fe771af3-b2f3-43c6-8ce8-317dd5bc1317,2026-04-10 20:45:55.986173+00,cabe07ed-9eca-40ea-8ead-410ef5e83f91,1,True,,True
3ec1fc7a-2f87-4f19-8207-5ca41cfd4f62,2026-04-10 20:45:55.986173+00,5d0080cb-90d7-4712-bc33-848150e917d3,1,True,,True
ba922a45-4212-43e0-b691-c795ab389b38,2026-04-10 20:45:55.986173+00,5188369a-3bbe-43d8-8b94-11558f909a08,1,True,,True
e876f19b-0b97-4fa9-bd5f-dcb200144b5c,2026-04-10 20:45:55.986173+00,a0068077-79f4-461a-adfe-75c1a4148545,1,True,,True
1b8f54a9-77ac-46bf-b76e-92959e09fc00,2026-04-10 20:45:55.986173+00,cf106601-ab4f-4af9-b045-5295fe67b37d,1,True,,True
d8e1b434-64c6-48e9-bbcf-ff835bd1aff5,2026-04-10 20:45:55.986173+00,4b6bb5f7-f634-410e-815d-e673ab7f8632,1,True,,True
017e1186-3146-421c-8e69-3e3bbd4cbb69,2026-04-10 20:45:55.986173+00,935e2cff-ae78-4218-b3f5-115589b19dae,1,True,,True
8d8b226a-3b18-44ce-b985-339c448607a8,2026-04-10 20:45:55.986173+00,23dd907f-1261-4488-b21c-e9185af91d5e,1,True,,True
888cbe74-1b60-41d1-9167-ca3dce748a04,2026-04-10 20:45:55.986173+00,7d4a7d1d-cac6-44a8-96e8-ea9584a70825,1,True,,True
a7f36134-77a9-4411-8535-2dbd81db6046,2026-04-10 20:45:55.986173+00,6f37996b-2ac7-44b0-8e68-6d28256631b4,1,True,,True
53099e0e-0a06-4ce8-9a7d-6f03c5d77c6f,2026-04-10 20:45:55.986173+00,11af4e1a-5f45-467d-9aeb-46f4bb0bf034,1,True,,True
7f369146-a15b-4382-9db7-fac3b897e77e,2026-04-10 20:45:55.986173+00,b816bfce-3d80-4913-a07d-69b752ce6377,1,True,,True
36fdbbbf-5001-4c16-8722-307d52b11f09,2026-04-10 20:45:55.986173+00,dc22a632-937f-4e6a-b72f-ba0ff3f5ff97,1,True,,True
08511717-d6b3-4321-ae4d-5e0fa1aa1c8d,2026-04-10 20:45:55.986173+00,a0c07678-e491-4bbc-8f0b-07405144218f,1,True,,True
633bc0db-86df-44b5-9997-7622c8d14935,2026-04-10 20:45:55.986173+00,c714ab3a-da30-4603-bacd-d008800188b9,1,True,,True
3010f920-5811-4bd5-bb1d-928aad5c94e9,2026-04-10 20:45:55.986173+00,27d5d136-8563-469e-92bf-fd103c28b57c,1,True,,True
c387b257-5dbc-4766-85ab-39c81b71e1e0,2026-04-10 20:45:55.986173+00,42576abe-0deb-4869-8c63-225c2d75a95a,1,True,,True
4449c4c3-3a0c-4615-b7d6-168d20bad8b9,2026-04-10 20:45:55.986173+00,dc28cf18-6431-458b-83ef-64b3ce566c10,1,True,,True
411252b5-bc7b-478c-915f-77d127e33094,2026-04-10 23:08:29.454637+00,9d191bce-651d-4746-be2d-7ef8ecadb9c2,1,True,,True
0ffae095-83d7-4278-a7d8-d8742b3cf019,2026-04-10 20:45:55.986173+00,50ec8903-b81f-4257-9450-1085afd2c319,1,True,,True
85e39f99-97cf-45a3-bfc7-f499c8c556db,2026-04-10 20:45:55.986173+00,3cef3a44-215e-4aed-8e3b-b1e3f08063b7,1,True,,True
f187e438-d5fa-4f27-8913-f3567a4e2b8f,2026-04-10 20:45:56.048873+00,cca530fc-4052-43b2-b130-b30968d8aa44,1,True,,False
94e63dae-ef76-42fd-a0ea-c90810d5689d,2026-04-10 20:45:56.048873+00,65afbc8a-89ca-4ad5-8d62-355bb401f61d,1,True,,False
1f8968ba-bda3-43ae-862a-53c22c9a3b66,2026-04-10 20:45:56.048873+00,9318445f-fe6a-4e1b-acbf-c68228c9906a,1,True,,False
27623e47-f042-48d3-854d-787248a56e7c,2026-04-10 20:45:56.048873+00,72e110e7-464c-453c-a309-90a95aed6538,1,True,,False
044ad7e9-c5ec-459e-aaea-a2b814983cfc,2026-04-10 23:08:29.454637+00,bda648d7-d618-4883-88f4-3466eabd860e,1,True,,True
de0493cc-536e-4c71-9c48-88a3fcc1f94f,2026-04-10 20:45:56.048873+00,b415aba4-4b68-4fc6-9b89-2c812e55a3e1,1,True,,False
1035c161-2df8-4896-94ce-dc514598ec0c,2026-04-10 20:45:56.048873+00,46719c30-f4c3-4cad-be07-d5cb21eee6bb,1,True,,False
b5d6b580-030c-47a5-8118-c3502dae5cb3,2026-04-10 20:45:56.048873+00,7673d772-ef80-4f0f-a602-1bf4485c9b43,1,True,,False
8861b78c-4480-4381-b9a8-bb968c8ddb6d,2026-04-10 20:45:56.048873+00,ec09fa32-d03f-4bf8-84b0-1f16922c3ae4,1,True,,False
1ad6601f-1b10-456e-9448-cf662fd65268,2026-04-10 20:45:56.048873+00,c365c1c7-a3db-4d5e-a9a1-66f56eae7865,1,True,,False
6c86c597-d9fc-4e7f-b52e-3b20945c2089,2026-04-10 20:45:56.048873+00,e142056d-56ab-4352-b091-b56054bd1359,1,True,,False
6964a2eb-8998-435c-996e-03087ba5298a,2026-04-10 23:08:29.454637+00,f918266a-b3e0-4914-865d-4faa564f1aef,1,True,,True
fb50f8d0-eaac-4a88-a8c0-90c59fbf7f2e,2026-04-10 23:08:29.454637+00,65afbc8a-89ca-4ad5-8d62-355bb401f61d,1,True,,True
9890391c-e7e3-4027-bdb5-def264e6304d,2026-04-10 23:08:29.454637+00,7bd855d8-463d-4ed5-93ca-5fe35145f733,1,True,,True
b505564a-e308-42ff-9fe4-8716d85ee547,2026-04-10 23:08:29.454637+00,a3fbeb63-0e8c-4a11-bff6-0e3b484c3e9c,1,True,,True
ed098c3a-a824-44f4-af6b-cb41c8cf5b3e,2026-04-10 23:08:29.454637+00,5cfb274c-0207-4aa7-9575-6ac0bd95d9b2,1,True,,True
77571025-97a5-4f67-9bd0-f02ea0bf3948,2026-04-10 23:08:29.454637+00,cffe0e32-c9a6-4c52-9877-78ceb4aaa9fb,1,True,,True
bf1f857e-e2b4-4afc-bc45-70d05432e695,2026-04-10 23:08:29.454637+00,389793a7-ca17-4e82-81cb-2b3a2391b4b9,1,True,,True
f0fb1dfd-a622-436b-9c77-17a21224f0e0,2026-04-10 23:08:29.454637+00,7d4a7d1d-cac6-44a8-96e8-ea9584a70825,1,True,,True
1a995cae-cc4f-4954-8adf-d2ae4bfad91c,2026-04-10 23:08:29.454637+00,99c9cc74-fdc8-46c6-8f8d-3ce2d3bfeea3,1,True,,True
9caf2917-b134-4a1a-8987-6584169e282f,2026-04-10 23:08:29.454637+00,1f975693-876d-457b-a649-393859e79bf3,1,True,,True
70117eca-a63b-425d-90af-3c902bd74054,2026-04-10 23:08:29.454637+00,2d83110e-a098-4ebb-9987-066c06fa42d0,1,True,,True
8275bd3b-a183-4290-babc-b0cd9525ac6d,2026-04-10 23:08:29.454637+00,4b650a35-8529-4695-89ed-8dc7a500a498,1,True,,True
5795e1bc-abda-46a0-a121-7014df449880,2026-04-10 23:08:29.454637+00,8e867cd7-cff9-4e6c-867a-ff5ddc2550be,1,True,,True
90b2fcc6-39ac-4d4c-a559-881ca8b8d95b,2026-04-10 23:08:29.454637+00,840bfca7-4f7b-481a-8794-c560c340185d,1,True,,True
7d7321ec-5ca1-4232-81fc-ff79658a30b9,2026-04-10 23:08:29.454637+00,3f57289b-8c60-48be-bd80-01f8099ca449,1,True,,True
484f4496-062b-4dcc-9880-21adcb0b6ede,2026-04-10 23:08:29.454637+00,a1e91b78-d3d8-4675-bb8d-62741b4b68a6,1,True,,True
a990f490-359e-412b-9067-4eaea404b476,2026-04-10 23:08:29.454637+00,5a0c1adf-205e-4841-a666-7c3ef95def9d,1,True,,True
9f39549b-0f3f-4ca2-a6a1-0ac76a1765ed,2026-04-10 23:08:29.454637+00,b415aba4-4b68-4fc6-9b89-2c812e55a3e1,1,True,,True
502d61ca-91ad-4944-af95-5876baeba59c,2026-04-10 23:08:29.454637+00,cabe07ed-9eca-40ea-8ead-410ef5e83f91,1,True,,True
cf866530-f96e-46ab-a563-7d98446ff9c1,2026-04-10 23:08:29.454637+00,5d0080cb-90d7-4712-bc33-848150e917d3,1,True,,True
e56d9d76-a363-4c11-80fe-f22cc78995e1,2026-04-10 23:08:29.454637+00,5188369a-3bbe-43d8-8b94-11558f909a08,1,True,,True
1bc55817-1b9b-4c0d-8a38-8ecb801e8c06,2026-04-10 23:08:29.454637+00,a0068077-79f4-461a-adfe-75c1a4148545,1,True,,True
4ba88f40-cce6-4b4e-9ec6-f779c07f11cf,2026-04-10 23:08:29.454637+00,7673d772-ef80-4f0f-a602-1bf4485c9b43,1,True,,True
3ac26d9c-955c-4883-bc8d-676a42730891,2026-04-10 23:08:29.454637+00,cf106601-ab4f-4af9-b045-5295fe67b37d,1,True,,True
6832a3c6-6a56-4e66-9bcd-8f0f8c21a6c9,2026-04-10 23:08:29.454637+00,4b6bb5f7-f634-410e-815d-e673ab7f8632,1,True,,True
d3c56035-8ebf-4a87-81d8-746373e77ab5,2026-04-10 23:08:29.454637+00,935e2cff-ae78-4218-b3f5-115589b19dae,1,True,,True
3f6ac93e-76d9-45ed-b309-ee473d7de097,2026-04-10 23:08:29.454637+00,6f37996b-2ac7-44b0-8e68-6d28256631b4,1,True,,True
155e2de7-41da-4332-a442-31bc7fe5e185,2026-04-10 23:08:29.454637+00,11af4e1a-5f45-467d-9aeb-46f4bb0bf034,1,True,,True
b56795c5-59ff-4dc5-91da-a0c458f57549,2026-04-10 23:08:29.454637+00,d0633230-7067-47a9-9dbf-ee11e0a2cdd6,1,True,,True
7e47abf8-5c76-47df-9d32-75d14c4ac518,2026-04-10 23:08:29.454637+00,b816bfce-3d80-4913-a07d-69b752ce6377,1,True,,True
72087093-cbe4-479e-a085-3cf77ea386ba,2026-04-10 23:08:29.454637+00,c365c1c7-a3db-4d5e-a9a1-66f56eae7865,1,True,,True
f8a3d1fc-1f8d-4701-a25d-763a5877565a,2026-04-10 23:08:29.454637+00,dc22a632-937f-4e6a-b72f-ba0ff3f5ff97,1,True,,True
94ffe55f-0b15-4aeb-a2a7-72a4be903172,2026-04-10 23:08:29.454637+00,c714ab3a-da30-4603-bacd-d008800188b9,1,True,,True
d0e4616d-abeb-4926-b2dc-5f1e63870b7b,2026-04-10 23:08:29.454637+00,27d5d136-8563-469e-92bf-fd103c28b57c,1,True,,True
63130149-718c-4970-a9ed-514160994fd4,2026-04-10 23:08:29.454637+00,42576abe-0deb-4869-8c63-225c2d75a95a,1,True,,True
a2c93ce3-82be-4bb5-9c52-6edb926a6fb1,2026-04-10 23:08:29.454637+00,dc28cf18-6431-458b-83ef-64b3ce566c10,1,True,,True
bbaac003-d89b-4416-9b4f-b3dcaeb5e52d,2026-04-10 23:08:29.454637+00,50ec8903-b81f-4257-9450-1085afd2c319,1,True,,True
b7aa9663-8e33-4eef-a066-250ab251f8c9,2026-04-10 23:08:29.454637+00,3cef3a44-215e-4aed-8e3b-b1e3f08063b7,1,True,,True
6c234581-e744-483a-a81c-0e6ecf2740a1,2026-04-10 23:08:29.527461+00,cca530fc-4052-43b2-b130-b30968d8aa44,1,True,,False
359bdfda-d9dc-43da-b01c-0e73f07ac1ef,2026-04-10 23:08:29.527461+00,9318445f-fe6a-4e1b-acbf-c68228c9906a,1,True,,False
71496528-ce1e-44dd-9301-e70f3f320b8d,2026-04-10 23:08:29.527461+00,50ad0280-0819-4bd9-b275-5de32d3b5bcb,1,False,,False
3d5d5841-ee1e-4fae-b0d1-6265d6bf505d,2026-04-10 23:08:29.527461+00,72e110e7-464c-453c-a309-90a95aed6538,1,True,,False
198fca35-d631-45c6-915f-b5b7d7f8eb15,2026-04-10 23:08:29.527461+00,e1fc63a2-da7a-432f-be78-7c4a95598703,1,True,,False
98186850-3b3b-4f9a-97d8-f531e357f6b8,2026-04-10 23:08:29.527461+00,46719c30-f4c3-4cad-be07-d5cb21eee6bb,1,True,,False
697e46f2-e90c-4a38-83fd-22e15418a26d,2026-04-10 23:08:29.527461+00,23dd907f-1261-4488-b21c-e9185af91d5e,1,True,,False
8507c4ce-298d-40b5-8e06-0bb79679f1af,2026-04-10 23:08:29.527461+00,ec09fa32-d03f-4bf8-84b0-1f16922c3ae4,1,True,,False
16923079-bf14-4ba7-a919-30fcde899965,2026-04-10 23:08:29.527461+00,a0c07678-e491-4bbc-8f0b-07405144218f,1,True,,False
d1997410-26f1-4672-aa05-c8a9f5016d4f,2026-04-10 23:08:29.527461+00,e142056d-56ab-4352-b091-b56054bd1359,1,True,,False
a994e073-b5cd-49a2-805e-3ef4879964ee,2026-04-20 21:41:11.089942+00,d5141ca5-e7a0-469f-bf3e-e773507c86e2,2,False,,False
27178070-6697-44ac-913d-397026089889,2026-04-20 21:41:11.100261+00,e2d69698-bc99-4e85-9880-67eaccd66e6c,2,False,,False
7c2bcdef-341c-4795-81b9-9aa53054407d,2026-04-20 21:41:11.440941+00,f2feb6a4-363c-4c09-a804-0db564eafd68,2,False,,False
c2443632-df64-4aa7-b5d9-7cc699cb65a3,2026-04-20 21:41:11.115994+00,65da0822-a48a-4a68-bbad-8ed1b835a834,2,False,,False
942fd9ca-8082-4a69-a41e-fae95164976d,2026-04-20 21:41:11.150532+00,0a65cb96-cb6e-4a6a-8aae-c1084f613456,2,False,,False
264211b1-4073-4310-9e4c-cae8f7a32eca,2026-04-20 21:41:11.165647+00,3ff6b7a9-a5bd-4412-ad92-0cd0d45c0fee,2,False,,False
042f2533-34d6-4767-8a64-5f6aa42bd94b,2026-04-20 21:41:11.184755+00,c8b7e059-c60d-472e-ad64-3b04ae1166dc,2,False,,False
c2df7b89-a415-4094-87bd-c14fac46822f,2026-04-20 21:41:11.202816+00,a26649c6-1cb2-470a-871e-6910c64c3e53,2,False,,False
184be2ad-620f-420e-8b60-c6c1a47ffd93,2026-04-20 21:41:11.216888+00,08c0b6e9-1b43-4c2e-ae55-4e3fce2c2715,2,False,,False
1c588021-ffda-4c0a-98ce-10e35ce768d2,2026-04-20 21:41:11.449026+00,e8cb5b03-41e0-4086-99e5-f6806cd97211,2,False,,False
db734345-70c5-42ec-9688-d2177bea8a04,2026-04-20 21:41:11.228123+00,d1af70ea-a9a4-421a-b9cc-94b5e02f1788,2,False,,False
7da1ab56-7498-4fb4-907c-239180b46493,2026-04-20 21:41:11.241686+00,0a3cd321-3e76-4622-911b-0fda2e5d6b1a,2,False,,False
1ea14fb9-0aa7-421e-a6e7-10b229645113,2026-04-20 21:41:11.252487+00,2dfc4c37-fec1-4518-84a7-10095d30ad75,2,False,,False
1ff401ef-7cb3-47ea-9b3d-06e2b24bf7a6,2026-04-20 21:41:11.261159+00,6b078778-0b90-464d-83f6-59511c811b01,2,False,,False
2e4179fc-1e29-4ba7-93c1-4d1c06c49457,2026-04-20 21:41:11.271591+00,7a4a336d-dcfa-45a0-b014-824c7619e8de,2,False,,False
13795422-ca42-4703-9596-8e1125e0efc7,2026-04-20 21:41:11.283637+00,16d825ff-1623-4176-a5b5-42e0f5c2b0ac,2,False,,False
4126553f-77f5-4e17-ace5-8d9b9d60e22f,2026-04-20 21:41:11.293512+00,e29834fd-413a-455c-a33e-c3915b07401c,2,False,,False
f3319dca-5b61-41c1-9572-7028bef2b77f,2026-04-20 21:41:11.306627+00,023e9d44-96ae-4eed-b912-244ee8c3b994,2,False,,False
b884be10-6f6c-4c83-8b35-497cba55c1c8,2026-04-20 21:41:11.321153+00,f3917a3d-1d17-4ee2-90c5-683b072218fe,2,False,,False
61f769ed-82ba-4a2f-aa99-9db82f0a64b4,2026-04-20 21:41:11.326397+00,f46b4380-207e-4434-820b-f32ce04ae2a4,2,False,,False
d70c24ce-537d-4b9a-b64d-be0122fd3ae7,2026-04-20 21:41:11.333885+00,f0f46385-fc03-4599-b5d3-f56496c3e69f,2,False,,False
328527b1-afca-4b2b-b2a8-296abaf18090,2026-04-20 21:41:11.348376+00,33d8ea3b-6c6b-4ff1-803d-7e270dea8a57,2,False,,False
bc1384f9-06d1-47c2-a145-2f7ee5a466a6,2026-04-20 21:41:11.364939+00,e0c10771-d627-4fd7-9694-05348e54ee36,2,False,,False
a7bc8908-c923-4a6a-8703-b6aee82374e2,2026-04-20 21:41:11.465832+00,624cbf11-6a41-4692-af9c-36b3e5ca3130,2,False,,False
6d3977fb-49a4-4914-879c-3a2765603016,2026-04-20 21:41:11.37466+00,853c8244-429e-46ca-89f2-addf40dfb2bd,2,False,,False
998bc418-7f53-4e12-994d-7e1bbdaaef99,2026-04-20 21:41:11.395206+00,71345b0a-9c7d-4b50-b2bf-937ec5879845,2,False,,False
d0107f32-64a0-46d6-9543-c56de0ea4da0,2026-04-20 21:41:11.403277+00,b4cc024b-3f5e-480e-b96a-6656493255b5,2,False,,False
dede122f-68d2-483b-b008-bc2ca7822675,2026-04-20 21:41:11.411142+00,08f3a05f-5947-4089-a4c4-d4bcfaa6b7a0,2,False,,False
6815a07d-60bc-4bb0-81f6-3f1857cd6a8f,2026-04-20 21:41:11.414134+00,e4e91f1c-1dcd-439e-9fdd-cb976f5293fd,2,False,,False
4bc041ae-39d6-4da5-9749-fb6d4f2295d8,2026-04-20 21:41:11.422377+00,0b260a57-3f3a-4405-9f29-6d7a1012dbfb,2,False,,False
501272c8-a3aa-4080-9b30-45758cccc5f7,2026-04-20 21:41:11.43363+00,db4fd70a-2d37-40ea-873f-9433dc5e301f,2,False,,False
6d144887-bbb3-44b5-827d-714d9b2319eb,2026-04-20 21:41:11.507813+00,17b5a6a3-bc87-42e8-b0fb-6ab0781ef2cc,2,False,,False
6264e6ec-340b-431b-bfa5-814441073d18,2026-04-20 21:41:11.519852+00,c61d22de-5f6c-4958-a7f6-5e9707bd3466,2,False,,False
e458317b-a90c-47a2-aab4-0804a4ff3c2a,2026-04-20 21:41:11.535831+00,42d4198c-5895-4f0a-b0c0-424a66465d83,2,False,,False
97a72b3e-02da-4ba9-a3a4-2b2caa82d911,2026-04-20 21:41:11.554341+00,dd3c7503-f62a-4bd0-9f67-1b63b94194cc,2,False,,False
29feee78-81ac-40d5-a8ba-738e6f4e5144,2026-04-20 21:41:11.566949+00,56137764-b4e0-45b8-9c52-1866420c3df5,2,False,,False
d2050c72-f4ed-499b-9c7b-fc20ed35292a,2026-04-20 21:41:11.575573+00,ded28325-3447-4c56-860f-e497d6fb3577,2,False,,False
f3ec1662-ac84-4bce-97ef-58f9aec4b02d,2026-04-20 21:41:11.583078+00,20194330-9976-4043-8632-f8485c6c71b2,2,False,,False
ce74c369-b1bd-41f2-9d5c-474e3734bbe9,2026-04-20 21:41:11.601554+00,ad37a656-079a-49f9-a493-7b739c9167d1,2,False,,False
fe2046fd-4e94-4b35-8251-17f39bead136,2026-04-20 21:41:11.612644+00,a56f1527-3abf-41d6-91f8-7296d6336c3f,2,False,,False
3549be0c-7f08-48cd-b810-1fe5df329a06,2026-04-20 21:41:11.622146+00,04a04a9b-226c-43fd-b319-d5e89743676f,2,False,,False
6ad5c6c6-a427-4019-a5cb-79909bd08585,2026-04-20 21:41:11.631526+00,ecbc4f94-95a3-4cc7-b255-6741a458a625,2,False,,False
25df6dad-e046-4469-b35e-9b893c024509,2026-04-20 21:41:11.644216+00,1dcc160f-c187-48c2-b68e-319bd4354f3d,2,False,,False
b3729a13-0c62-4b5c-9af4-1417bd8c51b2,2026-04-20 21:41:11.660775+00,0ff53813-3367-4f43-bcbd-3fd725c1bf4b,2,False,,False
d99a6098-4188-4318-9316-ae2f14cef894,2026-04-20 21:41:11.670512+00,3627a8be-a77f-41bb-b807-7e1bd4c0ebdf,2,False,,False
758c3c36-4ad2-4eed-bd4e-767e9aa3f4f3,2026-04-20 21:41:11.682216+00,7b5377b0-3f38-4103-8ad2-90fe89864c04,2,False,,False
30fb412e-0288-4bd9-bf29-426ac30c8520,2026-04-20 21:41:11.714175+00,0bb3b44a-ede5-4db5-a520-4e844b0079c5,2,False,,False
4483f254-eff9-4636-a88d-30c62b725ed2,2026-04-20 21:41:11.719926+00,ed58682d-bc52-4baa-9eb0-4eb81e1edacc,2,False,,False
7bec0a7e-f79c-4130-84d5-ab693efb16c6,2026-04-20 21:41:11.72632+00,73c1b9fe-ee1d-4cf4-96ca-35c08f97b054,2,False,,False
3241efff-25f4-4f5a-907e-36eb8a650cb9,2026-04-20 21:41:11.73947+00,65638e28-7f37-4fa7-b7b9-8c19bb609879,2,False,,False
9b6da267-9b56-41d7-ae91-1b3275001953,2026-04-20 21:41:11.751516+00,544b7f0c-173a-4377-8d56-57b36eb26ddf,2,False,,False
767cecd2-1620-424a-9aa8-e8bb3bacda58,2026-04-20 21:41:11.880702+00,7619a514-5fa8-43ef-9143-83b66a43d7a4,2,False,,False
5c111eb4-d6af-4ff3-84b7-ffac24f85460,2026-04-20 21:41:11.759752+00,9f41b083-683e-4dcf-9185-ccfeaa88fa45,2,False,,False
91aa504c-4498-4a6e-8d47-f4383c7d9227,2026-04-20 21:41:11.775474+00,2a649bb1-795f-4a01-b3be-9a01868dae73,2,False,,False
d1f6f490-c6fd-4a9a-b8ca-3a0dd89d0ac6,2026-04-20 21:41:11.781693+00,87c610df-bef7-4932-b950-1d83ef4e282b,2,False,,False
74215804-1c13-4c30-8b74-885d0a7514b7,2026-04-20 21:41:11.785544+00,b7f857e4-d8aa-4387-af2a-0e844df5b9d8,2,False,,False
5434b7ed-0ce9-451a-84f2-54380649bbdb,2026-04-20 21:41:11.79093+00,b9763138-c053-4832-9f55-86200cb1f99c,2,False,,False
825c097b-f283-4dbc-952d-92ae0dc6aeaa,2026-04-20 21:41:11.796882+00,d700d50d-c707-4dca-90dc-4528cddd0c80,2,False,,False
d34a149d-4bab-4c34-b92b-05ba4925801e,2026-04-20 21:41:11.799682+00,114d5fd0-e2ae-4b6d-a65a-870da2d19c08,2,False,,False
6742da8e-f605-47f7-8a09-7c40b0262763,2026-04-20 21:41:11.887276+00,a7feb290-76bb-4cb7-8800-7edaf7954f2f,2,False,,False
fcf5f0c3-72ad-42ef-aa01-d26498b787a8,2026-04-20 21:41:11.804183+00,7cc4acfa-63fd-4acc-a1a1-e8e529e0a97f,2,False,,False
09231e99-ea69-4a42-8372-cf15dd0299b0,2026-04-20 21:41:11.80765+00,708b99c5-e4a7-49cb-a5cf-933c8d46470d,2,False,,False
2a1d7a3b-85ea-4a55-bfb0-652e3968913b,2026-04-20 21:41:11.813845+00,48eb8242-1099-4c26-95d4-ef22b002457a,2,False,,False
3237fc16-954c-4578-85fb-7dc838d5c005,2026-04-20 21:41:11.81811+00,14569e28-c88c-43e4-8c32-097d35b9a67d,2,False,,False
00f89bc4-48fa-4d07-8c1e-c9c9bc755dfc,2026-04-20 21:41:11.831814+00,8b3379c0-0981-4f5b-8407-6444610cb212,2,False,,False
7468dc17-c803-4e0c-93ce-926247d3c2a0,2026-04-20 21:41:11.853659+00,05407167-39ec-4d3a-a234-73a9120c325d,2,False,,False
dc05d184-6459-4ae7-8b6b-005ec5adb4ea,2026-04-20 21:41:11.865473+00,0e9e85b8-52b9-4de4-b402-5f635ab9631f,2,False,,False
2f1f40af-6e29-4b2b-b5f8-7c84084d3169,2026-04-20 21:41:11.896176+00,08cae58d-4084-4616-b6dd-dd6534e4825b,2,False,,False
6e8a8391-7bbe-4257-9b1d-e54429bed3e7,2026-04-20 21:41:11.905256+00,b2c257e0-3ad7-4f05-b8e3-d9da973be36e,2,False,,False
4705ec29-df6b-4206-99b8-a7d1b7b96e15,2026-04-20 21:41:11.914468+00,d8152ad6-e4d5-4c12-8bb7-8d57dc10c6de,2,False,,False
a52506dd-7c09-4661-8771-ce36750dc06a,2026-04-20 21:41:11.916218+00,54612da3-fd56-4941-80f4-5eb82330de25,2,False,,False
427745a1-2278-4d34-a631-f58016e9642b,2026-04-20 21:41:11.91856+00,cca70ce6-1952-45d2-acd4-80c903b0bc49,2,False,,False
91cd51da-2e99-4871-86ce-415d23a53b34,2026-04-20 21:41:11.920843+00,4d51c4bf-4b0e-4f3d-897b-3f6687a7d9f2,2,False,,False
1639afcf-7ffc-4bcb-8a23-957e77988c32,2026-04-20 21:41:11.922626+00,df6561b2-7ee5-4540-baab-5095f742716a,2,False,,False
7f1e0cee-c6e4-4f2d-b534-b35e48e46b3b,2026-04-20 21:41:11.924244+00,4d0aa727-86b1-406b-9b33-f870dd14a4a5,2,False,,False
c0962051-af9d-4c2c-82c7-3c91d5c97006,2026-04-20 21:41:11.926703+00,2b3ef98c-cc05-450b-a719-711aee40ac65,2,False,,False
210a7885-4e9c-4a82-8104-3c38401f8a33,2026-04-20 21:41:11.932021+00,076c8171-9b3b-49b9-a477-244d2a532826,2,False,,False
972d15e3-6125-4cd8-ba1c-3997c1cbe7af,2026-04-20 21:41:11.933787+00,67e8878b-5cef-4375-804e-e6291fdbe78a,2,False,,False
4e970a77-fc1e-4aa4-9d4e-048893935e07,2026-04-20 21:41:11.935655+00,8f80e01c-1296-4371-9486-bb3d68651a60,2,False,,False
f97060a1-5ede-42e3-84e0-7389a28f40fd,2026-04-20 21:41:11.93757+00,edd4d4f2-1a58-45c4-b038-67337af4e029,2,False,,False
90e0fe67-7b70-440d-a765-6174a3d9c238,2026-04-20 21:41:11.951631+00,7dd30055-0198-452e-8c25-f73dbe27dcb8,2,False,,False
8e1ed057-866b-47d7-aae3-6c7c2a79075e,2026-04-20 21:41:11.973938+00,366e2f2b-8632-4ef2-81eb-bc3877489217,2,False,,False
c59781a6-6e88-46fe-a919-e4d44346b5a5,2026-04-20 21:41:11.976572+00,bfcd99e1-0690-4b53-a85c-0174a8629083,2,False,,False
856ebc75-afc8-4973-aec1-ae1f70ec20ac,2026-04-20 21:41:11.979225+00,e9a2c537-8232-4c3f-85b0-b52de6bcba99,2,False,,False
12946c1e-481c-4fc4-8b22-089611d56685,2026-04-20 21:41:11.981752+00,6359a0b1-8f7b-499b-9336-840f9ab90688,2,False,,False
6ecbd596-dd34-4ddc-b09d-3da32639bdaa,2026-04-20 21:41:11.984382+00,32102e3e-d12a-4209-9163-7b3a104efe5d,2,False,,False
